name, left, top,timestamp,numPerson,personId
Jun Jia,724,232,33643,2,0
Vedant,292,280,33643,2,1
Jun Jia,724,232,33643,2,0
Vedant,292,280,33643,2,1
Jun Jia,724,232,33643,2,0
Vedant,308,296,33643,2,1
Jun Jia,724,232,33644,2,0
Vedant,308,296,33644,2,1
Jun Jia,724,232,33644,2,0
Vedant,324,296,33644,2,1
Jun Jia,724,232,33644,2,0
Vedant,324,296,33644,2,1
Jun Jia,724,232,33644,2,0
Vedant,324,296,33644,2,1
Jun Jia,724,232,33644,2,0
Vedant,324,296,33644,2,1
Jun Jia,724,232,33645,2,0
Vedant,340,296,33645,2,1
Jun Jia,724,232,33645,2,0
Vedant,340,296,33645,2,1
Jun Jia,724,232,33645,2,0
Vedant,340,296,33645,2,1
Jun Jia,724,232,33645,2,0
Vedant,340,296,33645,2,1
Jun Jia,724,232,33646,2,0
Vedant,340,296,33646,2,1
Jun Jia,724,232,33646,2,0
Vedant,340,296,33646,2,1
Jun Jia,724,232,33646,2,0
Vedant,340,296,33646,2,1
Jun Jia,724,232,33646,2,0
Vedant,340,296,33646,2,1
Jun Jia,708,232,33647,2,0
Vedant,336,296,33647,2,1
Jun Jia,708,232,33647,2,0
Vedant,336,296,33647,2,1
Jun Jia,724,232,33647,2,0
Vedant,340,296,33647,2,1
Jun Jia,724,232,33647,2,0
Vedant,340,296,33647,2,1
Jun Jia,708,232,33648,2,0
Vedant,340,296,33648,2,1
Jun Jia,708,232,33648,2,0
Vedant,340,296,33648,2,1
Jun Jia,708,232,33648,2,0
Vedant,340,296,33648,2,1
Jun Jia,708,232,33648,2,0
Vedant,340,296,33648,2,1
Jun Jia,708,232,33649,2,0
Vedant,340,296,33649,2,1
Jun Jia,708,232,33649,2,0
Vedant,340,296,33649,2,1
Jun Jia,708,232,33649,2,0
Vedant,340,296,33649,2,1
Jun Jia,708,232,33649,2,0
Vedant,340,296,33649,2,1
Jun Jia,708,232,33649,2,0
Vedant,340,296,33649,2,1
Jun Jia,708,232,33650,2,0
Vedant,340,296,33650,2,1
Jun Jia,708,232,33650,2,0
Vedant,340,296,33650,2,1
Jun Jia,708,232,33650,2,0
Vedant,340,296,33650,2,1
Jun Jia,708,232,33650,2,0
Vedant,316,296,33650,2,1
Jun Jia,708,232,33651,2,0
Vedant,316,296,33651,2,1
Jun Jia,724,232,33651,2,0
Vedant,324,296,33651,2,1
Jun Jia,724,232,33651,2,0
Vedant,324,296,33651,2,1
Jun Jia,708,232,33651,2,0
Vedant,340,296,33651,2,1
Jun Jia,708,232,33652,2,0
Vedant,340,296,33652,2,1
Jun Jia,708,232,33652,2,0
Vedant,340,296,33652,2,1
Jun Jia,708,232,33652,2,0
Vedant,340,296,33652,2,1
Jun Jia,708,232,33652,2,0
Vedant,340,296,33652,2,1
Jun Jia,708,232,33652,2,0
Vedant,340,296,33652,2,1
Jun Jia,708,232,33653,2,0
Vedant,340,296,33653,2,1
Jun Jia,708,232,33653,2,0
Vedant,340,296,33653,2,1
Jun Jia,708,232,33653,2,0
Vedant,340,296,33653,2,1
Jun Jia,708,232,33653,2,0
Vedant,340,296,33653,2,1
Jun Jia,724,232,33654,2,0
Vedant,340,296,33654,2,1
Jun Jia,724,232,33654,2,0
Vedant,340,296,33654,2,1
Vedant,336,280,33654,2,0
Jun Jia,724,216,33654,2,1
Vedant,336,280,33654,2,0
Jun Jia,724,216,33654,2,1
Jun Jia,740,216,33655,2,0
Vedant,340,296,33655,2,1
Jun Jia,740,216,33655,2,0
Vedant,340,296,33655,2,1
Jun Jia,740,216,33655,2,0
Vedant,316,280,33655,2,1
Jun Jia,740,216,33655,2,0
Vedant,316,280,33655,2,1
Jun Jia,740,216,33656,2,0
Vedant,316,280,33656,2,1
Jun Jia,740,216,33656,2,0
Vedant,316,280,33656,2,1
Jun Jia,740,216,33656,2,0
Vedant,296,280,33656,2,1
Jun Jia,740,216,33656,2,0
Vedant,296,280,33656,2,1
Vedant,296,280,33656,2,0
Jun Jia,740,216,33656,2,1
Vedant,296,280,33657,2,0
Jun Jia,740,216,33657,2,1
Vedant,324,296,33657,2,0
Jun Jia,756,200,33657,2,1
Vedant,324,296,33657,2,0
Jun Jia,756,200,33657,2,1
Vedant,316,280,33657,2,0
Jun Jia,756,200,33657,2,1
Vedant,316,280,33658,2,0
Jun Jia,756,200,33658,2,1
Vedant,296,280,33658,2,0
Jun Jia,756,200,33658,2,1
Vedant,296,280,33658,2,0
Jun Jia,756,200,33658,2,1
Vedant,296,280,33658,2,0
Jun Jia,756,200,33658,2,1
Vedant,296,280,33659,2,0
Jun Jia,756,200,33659,2,1
Vedant,316,280,33659,2,0
Jun Jia,756,200,33659,2,1
Vedant,316,280,33659,2,0
Jun Jia,756,200,33659,2,1
Vedant,316,280,33660,2,0
Jun Jia,756,216,33660,2,1
Vedant,316,280,33660,2,0
Jun Jia,756,216,33660,2,1
Vedant,316,280,33660,2,0
Jun Jia,740,216,33660,2,1
Vedant,316,280,33661,2,0
Jun Jia,740,216,33661,2,1
Jun Jia,736,200,33661,2,0
Vedant,296,280,33661,2,1
Jun Jia,736,200,33661,2,0
Vedant,296,280,33661,2,1
Jun Jia,756,216,33661,2,0
Vedant,296,280,33661,2,1
Jun Jia,756,216,33661,2,0
Vedant,296,280,33661,2,1
Jun Jia,756,216,33662,2,0
Vedant,296,280,33662,2,1
Jun Jia,756,216,33662,2,0
Vedant,296,280,33662,2,1
Jun Jia,756,200,33662,2,0
Vedant,296,280,33662,2,1
Jun Jia,756,200,33662,2,0
Vedant,296,280,33662,2,1
Jun Jia,756,200,33663,2,0
Vedant,296,280,33663,2,1
Jun Jia,756,200,33663,2,0
Vedant,296,280,33663,2,1
Jun Jia,756,200,33663,2,0
Vedant,296,280,33663,2,1
Jun Jia,756,200,33663,2,0
Vedant,296,280,33663,2,1
Jun Jia,756,200,33664,2,0
Vedant,296,280,33664,2,1
Jun Jia,756,200,33664,2,0
Vedant,296,280,33664,2,1
Jun Jia,740,216,33664,2,0
Vedant,292,296,33664,2,1
Jun Jia,740,216,33664,2,0
Vedant,292,296,33664,2,1
Jun Jia,740,216,33665,2,0
Vedant,296,280,33665,2,1
Jun Jia,740,216,33665,2,0
Vedant,296,280,33665,2,1
Jun Jia,740,216,33665,2,0
Vedant,336,260,33665,2,1
Jun Jia,740,216,33665,2,0
Vedant,336,260,33665,2,1
Jun Jia,740,232,33665,2,0
Vedant,392,260,33665,2,1
Jun Jia,740,232,33666,2,0
Vedant,392,260,33666,2,1
Jun Jia,740,232,33666,2,0
Vedant,336,280,33666,2,1
Jun Jia,740,232,33666,2,0
Vedant,336,280,33666,2,1
Jun Jia,724,232,33666,2,0
Vedant,340,280,33666,2,1
Jun Jia,724,232,33667,2,0
Vedant,340,280,33667,2,1
Jun Jia,724,232,33667,1,0
Jun Jia,724,232,33667,1,0
Jun Jia,724,232,33667,1,0
Jun Jia,724,232,33668,1,0
Jun Jia,724,232,33668,1,0
Jun Jia,724,232,33668,1,0
Vedant,292,248,33668,2,0
Jun Jia,628,232,33668,2,1
Vedant,292,248,33668,2,0
Jun Jia,628,232,33668,2,1
Vedant,324,264,33669,2,0
Jun Jia,628,232,33669,2,1
Vedant,324,264,33669,2,0
Jun Jia,628,232,33669,2,1
Jun Jia,644,232,33669,2,0
Vedant,324,264,33669,2,1
Jun Jia,644,232,33669,2,0
Vedant,324,264,33669,2,1
Jun Jia,708,232,33670,2,0
Vedant,316,260,33670,2,1
Jun Jia,708,232,33670,2,0
Vedant,316,260,33670,2,1
Jun Jia,724,232,33670,2,0
Vedant,316,260,33670,2,1
Jun Jia,724,232,33670,2,0
Vedant,316,260,33670,2,1
Jun Jia,724,232,33671,2,0
Vedant,316,260,33671,2,1
Jun Jia,724,232,33671,2,0
Vedant,316,260,33671,2,1
Jun Jia,724,232,33671,2,0
Vedant,316,260,33671,2,1
Jun Jia,724,232,33671,2,0
Vedant,316,260,33671,2,1
Jun Jia,724,232,33672,2,0
Vedant,324,280,33672,2,1
Jun Jia,724,232,33672,2,0
Vedant,324,280,33672,2,1
Jun Jia,708,232,33672,2,0
Vedant,324,280,33672,2,1
Jun Jia,708,232,33672,2,0
Vedant,324,280,33672,2,1
Jun Jia,708,280,33673,2,0
Vedant,276,260,33673,2,1
Jun Jia,708,280,33673,2,0
Vedant,276,260,33673,2,1
Jun Jia,680,220,33673,2,0
Vedant,220,280,33673,2,1
Jun Jia,680,220,33673,2,0
Vedant,220,280,33673,2,1
Unknown,200,8,33674,1,0
Unknown,200,8,33674,1,0
Vedant,692,280,33676,1,0
Vedant,692,280,33677,1,0
Vedant,660,264,33677,1,0
Vedant,660,264,33677,1,0
Vedant,660,264,33677,1,0
Vedant,660,264,33678,1,0
Vedant,660,264,33678,1,0
Vedant,660,264,33678,1,0
Vedant,644,280,33678,1,0
Vedant,644,280,33678,1,0
Jun Jia,196,216,33679,2,0
Vedant,628,280,33679,2,1
Jun Jia,196,216,33679,2,0
Vedant,628,280,33679,2,1
Jun Jia,212,216,33679,2,0
Vedant,628,264,33679,2,1
Jun Jia,212,216,33679,2,0
Vedant,628,264,33679,2,1
Jun Jia,212,216,33680,2,0
Vedant,624,260,33680,2,1
Jun Jia,212,216,33680,2,0
Vedant,624,260,33680,2,1
Jun Jia,196,216,33680,2,0
Vedant,660,260,33680,2,1
Jun Jia,196,216,33680,2,0
Vedant,660,260,33680,2,1
Jun Jia,212,216,33681,2,0
Vedant,692,280,33681,2,1
Jun Jia,212,216,33681,2,0
Vedant,692,280,33681,2,1
Vedant,644,280,33681,2,0
Jun Jia,244,216,33681,2,1
Vedant,644,280,33681,2,0
Jun Jia,244,216,33681,2,1
Jun Jia,244,216,33682,2,0
Vedant,624,280,33682,2,1
Jun Jia,244,216,33682,2,0
Vedant,624,280,33682,2,1
Vedant,628,296,33682,2,0
Jun Jia,228,216,33682,2,1
Vedant,628,296,33682,2,0
Jun Jia,228,216,33682,2,1
Jun Jia,228,216,33682,2,0
Vedant,624,280,33682,2,1
Jun Jia,228,216,33683,2,0
Vedant,624,280,33683,2,1
Jun Jia,228,216,33683,2,0
Vedant,624,280,33683,2,1
Jun Jia,228,216,33683,2,0
Vedant,624,280,33683,2,1
Jun Jia,220,184,33683,2,0
Vedant,644,280,33683,2,1
Jun Jia,220,184,33684,2,0
Vedant,644,280,33684,2,1
Jun Jia,244,184,33684,2,0
Vedant,644,280,33684,2,1
Jun Jia,244,184,33684,2,0
Vedant,644,280,33684,2,1
Jun Jia,260,184,33684,2,0
Vedant,628,312,33684,2,1
Jun Jia,260,184,33685,2,0
Vedant,628,312,33685,2,1
Jun Jia,260,184,33685,2,0
Vedant,644,280,33685,2,1
Jun Jia,260,184,33685,2,0
Vedant,644,280,33685,2,1
Vedant,644,280,33685,2,0
Jun Jia,276,184,33685,2,1
Vedant,644,280,33685,2,0
Jun Jia,276,184,33685,2,1
Vedant,640,280,33686,2,0
Jun Jia,276,184,33686,2,1
Vedant,640,280,33686,2,0
Jun Jia,276,184,33686,2,1
Jun Jia,244,184,33686,1,0
Jun Jia,244,184,33686,1,0
Vedant,708,248,33687,2,0
Jun Jia,260,184,33687,2,1
Vedant,708,248,33687,2,0
Jun Jia,260,184,33687,2,1
Jun Jia,260,184,33687,2,0
Vedant,708,248,33687,2,1
Jun Jia,260,184,33687,2,0
Vedant,708,248,33687,2,1
Jun Jia,244,184,33688,2,0
Vedant,708,248,33688,2,1
Jun Jia,244,184,33688,2,0
Vedant,708,248,33688,2,1
Jun Jia,228,184,33688,2,0
Vedant,720,280,33688,2,1
Jun Jia,228,184,33688,2,0
Vedant,720,280,33688,2,1
Jun Jia,228,184,33689,2,0
Vedant,720,280,33689,2,1
Jun Jia,228,184,33689,2,0
Vedant,720,280,33689,2,1
Vedant,720,280,33689,2,0
Jun Jia,228,200,33689,2,1
Vedant,720,280,33689,2,0
Jun Jia,228,200,33689,2,1
Jun Jia,212,200,33690,2,0
Vedant,720,280,33690,2,1
Jun Jia,212,200,33690,2,0
Vedant,720,280,33690,2,1
Jun Jia,212,200,33690,2,0
Vedant,720,280,33690,2,1
Jun Jia,212,200,33690,2,0
Vedant,720,280,33690,2,1
Jun Jia,228,216,33690,2,0
Vedant,700,280,33690,2,1
Jun Jia,228,216,33691,2,0
Vedant,700,280,33691,2,1
Jun Jia,212,216,33691,2,0
Vedant,660,328,33691,2,1
Jun Jia,212,216,33691,2,0
Vedant,660,328,33691,2,1
Jun Jia,196,216,33691,2,0
Vedant,700,316,33691,2,1
Jun Jia,196,216,33692,2,0
Vedant,700,316,33692,2,1
Jun Jia,196,216,33692,2,0
Vedant,720,376,33692,2,1
Jun Jia,196,216,33692,2,0
Vedant,720,376,33692,2,1
Vedant,656,404,33692,2,0
Jun Jia,212,216,33692,2,1
Vedant,656,404,33692,2,0
Jun Jia,212,216,33692,2,1
Jun Jia,196,216,33693,2,0
Vedant,624,320,33693,2,1
Jun Jia,196,216,33693,2,0
Vedant,624,320,33693,2,1
Jun Jia,196,216,33693,2,0
Vedant,624,320,33693,2,1
Jun Jia,196,216,33693,2,0
Vedant,624,320,33693,2,1
Jun Jia,196,200,33694,2,0
Vedant,596,292,33694,2,1
Jun Jia,196,200,33694,2,0
Vedant,596,292,33694,2,1
Jun Jia,196,200,33694,2,0
Vedant,540,236,33694,2,1
Jun Jia,196,200,33694,2,0
Vedant,540,236,33694,2,1
Jun Jia,180,200,33695,2,0
Vedant,652,236,33695,2,1
Jun Jia,180,200,33695,2,0
Vedant,652,236,33695,2,1
Jun Jia,180,200,33695,2,0
Vedant,624,212,33695,2,1
Jun Jia,180,200,33695,2,0
Vedant,624,212,33695,2,1
Jun Jia,196,200,33696,2,0
Vedant,584,188,33696,2,1
Jun Jia,196,200,33696,2,0
Vedant,584,188,33696,2,1
Jun Jia,196,200,33696,2,0
Vedant,584,188,33696,2,1
Jun Jia,196,200,33696,2,0
Vedant,584,188,33696,2,1
Jun Jia,196,200,33697,2,0
Vedant,584,188,33697,2,1
Jun Jia,196,200,33697,2,0
Vedant,584,188,33697,2,1
Jun Jia,212,200,33697,2,0
Vedant,584,188,33697,2,1
Jun Jia,212,200,33697,2,0
Vedant,584,188,33697,2,1
Vedant,624,212,33698,2,0
Jun Jia,228,216,33698,2,1
Vedant,624,212,33698,2,0
Jun Jia,228,216,33698,2,1
Vedant,624,212,33698,2,0
Jun Jia,260,216,33698,2,1
Vedant,624,212,33698,2,0
Jun Jia,260,216,33698,2,1
Vedant,624,212,33698,2,0
Jun Jia,260,216,33698,2,1
Vedant,624,212,33699,2,0
Jun Jia,260,216,33699,2,1
Vedant,624,212,33699,2,0
Jun Jia,260,216,33699,2,1
Vedant,624,212,33699,2,0
Jun Jia,260,216,33699,2,1
Vedant,624,212,33699,2,0
Jun Jia,260,200,33699,2,1
Vedant,624,212,33700,2,0
Jun Jia,260,200,33700,2,1
Vedant,608,220,33700,2,0
Jun Jia,244,216,33700,2,1
Vedant,608,220,33700,2,0
Jun Jia,244,216,33700,2,1
Jun Jia,196,216,33700,2,0
Vedant,632,244,33700,2,1
Jun Jia,196,216,33701,2,0
Vedant,632,244,33701,2,1
Jun Jia,212,216,33701,2,0
Vedant,660,260,33701,2,1
Jun Jia,212,216,33701,2,0
Vedant,660,260,33701,2,1
Jun Jia,212,232,33701,2,0
Vedant,680,260,33701,2,1
Jun Jia,212,232,33701,2,0
Vedant,680,260,33701,2,1
Jun Jia,180,200,33702,2,0
Vedant,692,280,33702,2,1
Jun Jia,180,200,33702,2,0
Vedant,692,280,33702,2,1
Jun Jia,164,232,33702,2,0
Vedant,660,280,33702,2,1
Jun Jia,164,232,33702,2,0
Vedant,660,280,33702,2,1
Jun Jia,164,200,33703,2,0
Vedant,644,280,33703,2,1
Jun Jia,164,200,33703,2,0
Vedant,644,280,33703,2,1
Vedant,660,264,33703,2,0
Jun Jia,104,240,33703,2,1
Vedant,660,264,33703,2,0
Jun Jia,104,240,33703,2,1
Vedant,660,280,33704,2,0
Jun Jia,104,184,33704,2,1
Vedant,660,280,33704,2,0
Jun Jia,104,184,33704,2,1
Vedant,660,264,33704,2,0
Jun Jia,80,128,33704,2,1
Vedant,660,264,33704,2,0
Jun Jia,80,128,33704,2,1
Jun Jia,104,104,33704,1,0
Jun Jia,104,104,33705,1,0
Jun Jia,124,124,33705,1,0
Jun Jia,124,124,33705,1,0
Jun Jia,124,104,33705,1,0
Jun Jia,124,104,33706,1,0
Jun Jia,144,124,33706,1,0
Jun Jia,144,124,33706,1,0
Jun Jia,144,124,33706,1,0
Jun Jia,144,124,33706,1,0
Jun Jia,144,124,33707,1,0
Jun Jia,144,124,33707,1,0
Jun Jia,144,124,33707,1,0
Jun Jia,144,124,33707,1,0
Jun Jia,236,100,33708,1,0
Jun Jia,236,100,33708,1,0
Jun Jia,236,72,33708,1,0
Jun Jia,236,72,33708,1,0
Jun Jia,172,60,33709,1,0
Jun Jia,172,60,33709,1,0
Jun Jia,172,60,33709,1,0
Jun Jia,172,60,33709,1,0
Jun Jia,236,44,33710,1,0
Jun Jia,236,44,33710,1,0
Jun Jia,148,36,33710,1,0
Jun Jia,148,36,33711,1,0
Jun Jia,184,0,33711,1,0
Jun Jia,184,0,33711,1,0
Jun Jia,292,0,33711,1,0
Jun Jia,292,0,33712,1,0
Vedant,612,328,33712,1,0
Vedant,612,328,33712,1,0
Vedant,644,296,33712,1,0
Vedant,644,296,33712,1,0
Vedant,676,328,33720,1,0
Vedant,676,328,33720,1,0
Vedant,660,328,33720,1,0
Vedant,660,328,33721,1,0
Jun Jia,320,72,33721,2,0
Vedant,644,328,33721,2,1
Jun Jia,320,72,33721,2,0
Vedant,644,328,33721,2,1
Vedant,644,328,33721,2,0
Jun Jia,172,176,33721,2,1
Vedant,644,328,33722,2,0
Jun Jia,172,176,33722,2,1
Vedant,644,328,33722,2,0
Jun Jia,84,184,33722,2,1
Vedant,644,328,33722,2,0
Jun Jia,84,184,33722,2,1
Jun Jia,104,200,33722,2,0
Vedant,644,328,33722,2,1
Jun Jia,104,200,33722,2,0
Vedant,644,328,33722,2,1
Jun Jia,132,200,33723,2,0
Vedant,644,328,33723,2,1
Jun Jia,132,200,33723,2,0
Vedant,644,328,33723,2,1
Jun Jia,132,200,33723,2,0
Vedant,660,328,33723,2,1
Jun Jia,132,200,33723,2,0
Vedant,660,328,33723,2,1
Jun Jia,132,200,33724,2,0
Vedant,660,328,33724,2,1
Jun Jia,132,200,33724,2,0
Vedant,660,328,33724,2,1
Jun Jia,132,200,33724,2,0
Vedant,660,328,33724,2,1
Jun Jia,132,200,33724,2,0
Vedant,660,328,33724,2,1
Vedant,644,328,33725,2,0
Jun Jia,164,216,33725,2,1
Vedant,644,328,33725,2,0
Jun Jia,164,216,33725,2,1
Vedant,644,328,33725,1,0
Vedant,644,328,33726,1,0
Jun Jia,180,232,33726,1,0
Jun Jia,180,232,33726,1,0
Vedant,612,296,33726,2,0
Jun Jia,116,216,33726,2,1
Vedant,612,296,33727,2,0
Jun Jia,116,216,33727,2,1
Jun Jia,148,232,33727,2,0
Vedant,612,328,33727,2,1
Jun Jia,148,232,33727,2,0
Vedant,612,328,33727,2,1
Jun Jia,132,232,33728,2,0
Vedant,612,344,33728,2,1
Jun Jia,132,232,33728,2,0
Vedant,612,344,33728,2,1
Jun Jia,180,232,33728,2,0
Vedant,644,296,33728,2,1
Jun Jia,180,232,33728,2,0
Vedant,644,296,33728,2,1
Jun Jia,148,232,33729,2,0
Vedant,628,232,33729,2,1
Jun Jia,148,232,33729,2,0
Vedant,628,232,33729,2,1
Jun Jia,164,232,33729,2,0
Vedant,612,248,33729,2,1
Jun Jia,164,232,33730,2,0
Vedant,612,248,33730,2,1
Jun Jia,164,232,33730,1,0
Jun Jia,164,232,33730,1,0
Jun Jia,180,232,33730,2,0
Vedant,676,264,33730,2,1
Jun Jia,180,232,33731,2,0
Vedant,676,264,33731,2,1
Jun Jia,196,232,33731,2,0
Vedant,724,248,33731,2,1
Jun Jia,196,232,33731,2,0
Vedant,724,248,33731,2,1
Jun Jia,212,248,33732,2,0
Vedant,740,248,33732,2,1
Jun Jia,212,248,33732,2,0
Vedant,740,248,33732,2,1
Vedant,804,264,33732,2,0
Jun Jia,244,232,33732,2,1
Vedant,804,264,33733,2,0
Jun Jia,244,232,33733,2,1
Jun Jia,292,248,33733,2,0
Vedant,852,264,33733,2,1
Jun Jia,292,248,33733,2,0
Vedant,852,264,33733,2,1
Jun Jia,340,216,33734,2,0
Vedant,948,280,33734,2,1
Jun Jia,340,216,33734,2,0
Vedant,948,280,33734,2,1
Jun Jia,420,216,33734,2,0
Vedant,948,264,33734,2,1
Jun Jia,420,216,33735,2,0
Vedant,948,264,33735,2,1
Jun Jia,484,200,33735,2,0
Vedant,948,248,33735,2,1
Jun Jia,484,200,33735,2,0
Vedant,948,248,33735,2,1
Jun Jia,468,200,33736,1,0
Jun Jia,468,200,33736,1,0
Jun Jia,452,200,33736,1,0
Jun Jia,452,200,33737,1,0
Jun Jia,404,216,33737,1,0
Jun Jia,404,216,33737,1,0
Jun Jia,388,216,33738,1,0
Jun Jia,388,216,33738,1,0
Jun Jia,388,216,33738,1,0
Jun Jia,388,216,33738,1,0
Jun Jia,372,200,33739,1,0
Jun Jia,372,200,33739,1,0
Jun Jia,388,200,33739,1,0
Jun Jia,388,200,33740,1,0
Jun Jia,388,200,33740,1,0
Jun Jia,388,200,33740,1,0
Jun Jia,388,200,33741,1,0
Jun Jia,388,200,33741,1,0
Jun Jia,372,200,33741,1,0
Jun Jia,372,200,33742,1,0
Jun Jia,372,216,33742,1,0
Jun Jia,372,216,33742,1,0
Jun Jia,372,216,33742,1,0
Jun Jia,372,216,33743,1,0
Jun Jia,372,200,33743,1,0
Jun Jia,372,200,33743,1,0
Jun Jia,372,200,33744,1,0
Jun Jia,372,200,33744,1,0
Jun Jia,388,200,33744,1,0
Jun Jia,388,200,33745,1,0
Jun Jia,388,200,33745,1,0
Jun Jia,388,200,33745,1,0
Jun Jia,388,200,33746,1,0
Jun Jia,388,200,33746,1,0
Jun Jia,388,200,33746,1,0
Jun Jia,388,200,33747,1,0
Jun Jia,356,216,33747,1,0
Jun Jia,356,216,33747,1,0
Jun Jia,356,216,33748,2,0
Vedant,852,280,33748,2,1
Jun Jia,356,216,33748,2,0
Vedant,852,280,33748,2,1
Jun Jia,356,216,33749,2,0
Vedant,820,312,33749,2,1
Jun Jia,356,216,33749,2,0
Vedant,820,312,33749,2,1
Vedant,820,312,33749,2,0
Jun Jia,436,232,33749,2,1
Vedant,820,312,33749,2,0
Jun Jia,436,232,33749,2,1
Vedant,804,296,33750,2,0
Jun Jia,452,232,33750,2,1
Vedant,804,296,33750,2,0
Jun Jia,452,232,33750,2,1
Jun Jia,404,232,33750,2,0
Vedant,788,296,33750,2,1
Jun Jia,404,232,33751,2,0
Vedant,788,296,33751,2,1
Jun Jia,372,232,33751,2,0
Vedant,820,312,33751,2,1
Jun Jia,372,232,33751,2,0
Vedant,820,312,33751,2,1
Jun Jia,372,232,33752,2,0
Vedant,804,328,33752,2,1
Jun Jia,372,232,33752,2,0
Vedant,804,328,33752,2,1
Jun Jia,372,232,33752,2,0
Vedant,804,328,33752,2,1
Jun Jia,372,232,33752,2,0
Vedant,804,328,33752,2,1
Jun Jia,372,232,33753,2,0
Vedant,804,328,33753,2,1
Jun Jia,372,232,33753,2,0
Vedant,804,328,33753,2,1
Jun Jia,372,232,33753,2,0
Vedant,804,328,33753,2,1
Jun Jia,372,232,33753,2,0
Vedant,804,328,33753,2,1
Jun Jia,356,232,33754,2,0
Vedant,804,328,33754,2,1
Jun Jia,356,232,33754,2,0
Vedant,804,328,33754,2,1
Jun Jia,372,232,33754,2,0
Vedant,820,328,33754,2,1
Jun Jia,372,232,33755,2,0
Vedant,820,328,33755,2,1
Jun Jia,372,216,33755,2,0
Vedant,820,328,33755,2,1
Jun Jia,372,216,33755,2,0
Vedant,820,328,33755,2,1
Jun Jia,372,232,33755,2,0
Vedant,820,328,33755,2,1
Jun Jia,372,232,33756,2,0
Vedant,820,328,33756,2,1
Jun Jia,372,232,33756,2,0
Vedant,820,328,33756,2,1
Jun Jia,372,232,33756,2,0
Vedant,820,328,33756,2,1
Jun Jia,372,232,33757,2,0
Vedant,820,328,33757,2,1
Jun Jia,372,232,33757,2,0
Vedant,820,328,33757,2,1
Jun Jia,372,232,33757,2,0
Vedant,820,328,33757,2,1
Jun Jia,372,232,33758,2,0
Vedant,820,328,33758,2,1
Jun Jia,372,232,33758,2,0
Vedant,820,328,33758,2,1
Jun Jia,372,232,33758,2,0
Vedant,820,328,33758,2,1
Jun Jia,372,232,33758,2,0
Vedant,820,328,33758,2,1
Jun Jia,372,232,33759,2,0
Vedant,820,328,33759,2,1
Jun Jia,372,232,33759,2,0
Vedant,804,328,33759,2,1
Jun Jia,372,232,33759,2,0
Vedant,804,328,33759,2,1
Jun Jia,372,232,33760,2,0
Vedant,804,328,33760,2,1
Jun Jia,372,232,33760,2,0
Vedant,804,328,33760,2,1
Jun Jia,356,232,33760,2,0
Vedant,804,328,33760,2,1
Jun Jia,356,232,33761,2,0
Vedant,804,328,33761,2,1
Jun Jia,356,216,33761,2,0
Vedant,804,328,33761,2,1
Jun Jia,356,216,33761,2,0
Vedant,804,328,33761,2,1
Jun Jia,356,232,33761,2,0
Vedant,804,328,33761,2,1
Jun Jia,356,232,33762,2,0
Vedant,804,328,33762,2,1
Jun Jia,356,232,33762,2,0
Vedant,804,328,33762,2,1
Jun Jia,356,232,33762,2,0
Vedant,804,328,33762,2,1
Jun Jia,356,248,33763,2,0
Vedant,804,328,33763,2,1
Jun Jia,356,248,33763,2,0
Vedant,804,328,33763,2,1
Jun Jia,356,248,33763,2,0
Vedant,804,328,33763,2,1
Jun Jia,356,248,33764,2,0
Vedant,804,328,33764,2,1
Jun Jia,356,248,33764,2,0
Vedant,804,328,33764,2,1
Jun Jia,356,248,33764,2,0
Vedant,804,328,33764,2,1
Jun Jia,356,248,33764,2,0
Vedant,804,328,33764,2,1
Jun Jia,356,248,33765,2,0
Vedant,804,328,33765,2,1
Jun Jia,356,248,33765,2,0
Vedant,804,328,33765,2,1
Jun Jia,356,248,33765,2,0
Vedant,804,328,33765,2,1
Jun Jia,356,232,33766,2,0
Vedant,804,328,33766,2,1
Jun Jia,356,232,33766,2,0
Vedant,804,328,33766,2,1
Jun Jia,356,232,33766,2,0
Vedant,820,328,33766,2,1
Jun Jia,356,232,33766,2,0
Vedant,820,328,33766,2,1
Jun Jia,356,232,33767,2,0
Vedant,820,328,33767,2,1
Jun Jia,356,232,33767,2,0
Vedant,820,328,33767,2,1
Jun Jia,372,216,33767,2,0
Vedant,820,328,33767,2,1
Jun Jia,372,216,33768,2,0
Vedant,820,328,33768,2,1
Jun Jia,372,232,33768,2,0
Vedant,820,328,33768,2,1
Jun Jia,372,232,33768,2,0
Vedant,820,328,33768,2,1
Jun Jia,372,232,33769,2,0
Vedant,836,312,33769,2,1
Jun Jia,372,232,33769,2,0
Vedant,836,312,33769,2,1
Jun Jia,356,232,33769,2,0
Vedant,836,248,33769,2,1
Jun Jia,356,232,33769,2,0
Vedant,836,248,33769,2,1
Jun Jia,340,232,33770,2,0
Vedant,852,264,33770,2,1
Jun Jia,340,232,33770,2,0
Vedant,852,264,33770,2,1
Jun Jia,340,232,33770,2,0
Vedant,852,264,33770,2,1
Jun Jia,340,232,33771,2,0
Vedant,852,264,33771,2,1
Jun Jia,340,232,33771,2,0
Vedant,852,280,33771,2,1
Jun Jia,340,232,33771,2,0
Vedant,852,280,33771,2,1
Jun Jia,356,232,33772,2,0
Vedant,836,296,33772,2,1
Jun Jia,356,232,33772,2,0
Vedant,836,296,33772,2,1
Jun Jia,372,216,33772,2,0
Vedant,836,296,33772,2,1
Jun Jia,372,216,33773,2,0
Vedant,836,296,33773,2,1
Jun Jia,372,216,33773,2,0
Vedant,836,296,33773,2,1
Jun Jia,372,216,33773,2,0
Vedant,836,296,33773,2,1
Jun Jia,356,232,33773,2,0
Vedant,852,296,33773,2,1
Jun Jia,356,232,33774,2,0
Vedant,852,296,33774,2,1
Jun Jia,324,200,33774,2,0
Vedant,852,296,33774,2,1
Jun Jia,324,200,33774,2,0
Vedant,852,296,33774,2,1
Jun Jia,308,200,33775,2,0
Vedant,868,296,33775,2,1
Jun Jia,308,200,33775,2,0
Vedant,868,296,33775,2,1
Jun Jia,292,200,33775,1,0
Jun Jia,292,200,33775,1,0
Vedant,884,280,33776,1,0
Vedant,884,280,33777,1,0
Jun Jia,292,216,33777,2,0
Vedant,884,280,33777,2,1
Jun Jia,292,216,33777,2,0
Vedant,884,280,33777,2,1
Jun Jia,356,216,33777,2,0
Vedant,868,296,33777,2,1
Jun Jia,356,216,33778,2,0
Vedant,868,296,33778,2,1
Jun Jia,372,216,33778,2,0
Vedant,852,296,33778,2,1
Jun Jia,372,216,33778,2,0
Vedant,852,296,33778,2,1
Jun Jia,372,216,33778,2,0
Vedant,852,296,33778,2,1
Jun Jia,372,216,33779,2,0
Vedant,852,296,33779,2,1
Jun Jia,372,216,33779,2,0
Vedant,852,296,33779,2,1
Jun Jia,372,216,33779,2,0
Vedant,852,296,33779,2,1
Vedant,852,296,33779,2,0
Jun Jia,388,216,33779,2,1
Vedant,852,296,33780,2,0
Jun Jia,388,216,33780,2,1
Jun Jia,388,216,33780,2,0
Vedant,852,296,33780,2,1
Jun Jia,388,216,33780,2,0
Vedant,852,296,33780,2,1
Jun Jia,388,216,33781,2,0
Vedant,852,312,33781,2,1
Jun Jia,388,216,33781,2,0
Vedant,852,312,33781,2,1
Jun Jia,388,216,33781,2,0
Vedant,868,312,33781,2,1
Jun Jia,388,216,33781,2,0
Vedant,868,312,33781,2,1
Jun Jia,388,216,33782,2,0
Vedant,852,312,33782,2,1
Jun Jia,388,216,33782,2,0
Vedant,852,312,33782,2,1
Jun Jia,356,216,33782,2,0
Vedant,884,296,33782,2,1
Jun Jia,356,216,33783,2,0
Vedant,884,296,33783,2,1
Jun Jia,340,216,33783,1,0
Jun Jia,340,216,33783,1,0
Jun Jia,340,216,33784,1,0
Jun Jia,340,216,33784,1,0
Jun Jia,308,200,33784,1,0
Jun Jia,308,200,33784,1,0
Jun Jia,292,200,33785,1,0
Jun Jia,292,200,33785,1,0
Jun Jia,356,200,33785,1,0
Jun Jia,356,200,33785,1,0
Jun Jia,372,216,33786,1,0
Jun Jia,372,216,33786,1,0
Jun Jia,388,232,33787,1,0
Jun Jia,388,232,33787,1,0
Jun Jia,388,232,33787,1,0
Jun Jia,388,232,33788,1,0
Jun Jia,388,232,33788,1,0
Jun Jia,388,232,33788,1,0
Jun Jia,388,232,33788,1,0
Jun Jia,388,232,33789,1,0
Jun Jia,388,232,33789,1,0
Jun Jia,388,232,33790,1,0
Jun Jia,388,232,33791,1,0
Jun Jia,388,232,33791,1,0
Jun Jia,388,232,33791,1,0
Jun Jia,388,232,33792,1,0
Jun Jia,356,216,33792,1,0
Jun Jia,356,216,33792,1,0
Jun Jia,356,216,33792,1,0
Jun Jia,356,216,33793,1,0
Jun Jia,372,216,33793,1,0
Jun Jia,372,216,33793,1,0
Jun Jia,372,216,33793,1,0
Jun Jia,372,216,33794,1,0
Jun Jia,372,216,33794,1,0
Jun Jia,372,216,33794,1,0
Jun Jia,372,216,33795,1,0
Jun Jia,372,216,33795,1,0
Jun Jia,372,216,33795,1,0
Jun Jia,372,216,33795,1,0
Jun Jia,372,216,33796,1,0
Jun Jia,372,216,33796,1,0
Jun Jia,372,216,33796,1,0
Jun Jia,372,216,33797,1,0
Jun Jia,372,216,33797,1,0
Jun Jia,372,216,33797,1,0
Jun Jia,372,216,33797,1,0
Jun Jia,372,216,33798,1,0
Jun Jia,372,216,33798,1,0
Jun Jia,372,216,33798,1,0
Jun Jia,372,216,33798,1,0
Jun Jia,372,216,33799,1,0
Jun Jia,372,216,33799,1,0
Jun Jia,372,216,33799,1,0
Jun Jia,372,216,33799,1,0
Jun Jia,372,216,33800,1,0
Jun Jia,372,216,33800,1,0
Jun Jia,372,216,33800,1,0
Jun Jia,372,216,33801,1,0
Jun Jia,372,216,33801,1,0
Jun Jia,372,216,33801,1,0
Jun Jia,372,216,33801,1,0
Jun Jia,372,216,33802,1,0
Jun Jia,372,216,33802,1,0
Jun Jia,372,216,33802,1,0
Jun Jia,372,216,33802,1,0
Jun Jia,372,216,33803,1,0
Jun Jia,372,216,33803,1,0
Jun Jia,372,216,33803,1,0
Jun Jia,372,216,33803,1,0
Jun Jia,372,216,33804,1,0
Jun Jia,372,216,33804,1,0
Jun Jia,372,216,33804,1,0
Jun Jia,372,216,33805,1,0
Jun Jia,372,216,33805,1,0
Jun Jia,372,216,33805,1,0
Jun Jia,372,216,33805,1,0
Jun Jia,372,216,33806,1,0
Jun Jia,372,216,33806,1,0
Jun Jia,372,216,33806,1,0
Jun Jia,372,216,33807,1,0
Jun Jia,372,216,33807,1,0
Jun Jia,388,216,33807,1,0
Jun Jia,388,216,33807,1,0
Jun Jia,388,216,33808,1,0
Jun Jia,388,216,33808,1,0
Jun Jia,388,216,33808,1,0
Jun Jia,388,216,33808,1,0
Jun Jia,388,216,33809,1,0
Jun Jia,388,216,33809,1,0
Jun Jia,388,216,33809,1,0
Jun Jia,388,216,33810,1,0
Jun Jia,388,216,33810,1,0
Jun Jia,388,216,33810,1,0
Jun Jia,388,216,33810,1,0
Jun Jia,388,216,33811,1,0
Jun Jia,388,216,33811,1,0
Jun Jia,388,216,33811,1,0
Jun Jia,372,216,33813,1,0
Jun Jia,372,216,33813,1,0
Jun Jia,372,216,33813,1,0
Jun Jia,372,216,33814,1,0
Jun Jia,388,216,33814,1,0
Jun Jia,388,216,33815,1,0
Jun Jia,372,200,33815,1,0
Jun Jia,372,200,33815,1,0
Jun Jia,372,200,33815,1,0
Jun Jia,372,200,33815,1,0
Jun Jia,372,216,33816,1,0
Jun Jia,372,216,33816,1,0
Jun Jia,388,216,33816,1,0
Jun Jia,388,216,33816,1,0
Jun Jia,388,200,33817,1,0
Jun Jia,388,200,33817,1,0
Jun Jia,388,216,33817,1,0
Jun Jia,388,216,33817,1,0
Jun Jia,388,216,33818,1,0
Jun Jia,388,216,33818,1,0
Jun Jia,388,216,33818,1,0
Jun Jia,388,216,33818,1,0
Jun Jia,388,200,33819,1,0
Jun Jia,388,200,33819,1,0
Jun Jia,388,216,33819,1,0
Jun Jia,388,216,33820,1,0
Jun Jia,388,200,33820,1,0
Jun Jia,388,200,33820,1,0
Jun Jia,388,200,33820,1,0
Jun Jia,388,200,33821,1,0
Jun Jia,388,200,33821,1,0
Jun Jia,388,200,33822,1,0
Jun Jia,372,216,33825,1,0
Jun Jia,372,216,33825,1,0
Jun Jia,356,200,33826,1,0
Jun Jia,356,200,33826,1,0
Jun Jia,372,216,33826,1,0
Jun Jia,372,216,33826,1,0
Jun Jia,372,216,33827,1,0
Jun Jia,372,216,33827,1,0
Jun Jia,372,216,33827,1,0
Jun Jia,372,216,33827,1,0
Jun Jia,372,216,33828,1,0
Jun Jia,372,216,33828,1,0
Jun Jia,372,216,33828,1,0
Jun Jia,372,216,33829,1,0
Jun Jia,372,216,33829,1,0
Jun Jia,372,216,33829,1,0
Jun Jia,372,216,33829,1,0
Jun Jia,372,216,33830,1,0
Jun Jia,372,216,33830,1,0
Jun Jia,372,216,33830,1,0
Jun Jia,372,216,33830,1,0
Jun Jia,372,216,33831,1,0
Jun Jia,372,216,33831,1,0
Jun Jia,372,216,33831,1,0
Jun Jia,372,216,33831,1,0
Jun Jia,372,216,33832,1,0
Jun Jia,372,216,33832,1,0
Jun Jia,372,216,33832,1,0
Jun Jia,372,216,33832,1,0
Jun Jia,372,216,33833,1,0
Jun Jia,372,200,33833,1,0
Jun Jia,372,200,33833,1,0
Jun Jia,372,200,33833,1,0
Jun Jia,372,200,33834,1,0
Jun Jia,372,200,33834,1,0
Jun Jia,372,200,33834,1,0
Jun Jia,372,216,33835,1,0
Jun Jia,372,216,33835,1,0
Jun Jia,372,216,33835,1,0
Jun Jia,372,216,33835,1,0
Jun Jia,372,216,33836,1,0
Jun Jia,372,216,33836,1,0
Jun Jia,372,216,33836,2,0
Vedant,916,312,33836,2,1
Jun Jia,372,216,33837,2,0
Vedant,916,312,33837,2,1
Jun Jia,356,216,33837,2,0
Vedant,900,328,33837,2,1
Jun Jia,356,216,33837,2,0
Vedant,900,328,33837,2,1
Jun Jia,372,216,33837,2,0
Vedant,916,328,33837,2,1
Jun Jia,372,216,33838,2,0
Vedant,916,328,33838,2,1
Jun Jia,356,200,33838,1,0
Jun Jia,356,200,33838,1,0
Jun Jia,372,216,33839,1,0
Jun Jia,372,216,33839,1,0
Jun Jia,372,216,33839,2,0
Vedant,916,312,33839,2,1
Jun Jia,372,216,33839,2,0
Vedant,916,312,33839,2,1
Jun Jia,372,216,33840,2,0
Vedant,916,312,33840,2,1
Jun Jia,372,216,33840,2,0
Vedant,916,312,33840,2,1
Vedant,916,312,33840,2,0
Jun Jia,372,216,33840,2,1
Vedant,916,312,33840,2,0
Jun Jia,372,216,33840,2,1
Jun Jia,372,216,33841,2,0
Vedant,916,312,33841,2,1
Jun Jia,372,216,33841,2,0
Vedant,916,312,33841,2,1
Jun Jia,372,216,33841,1,0
Jun Jia,372,216,33842,1,0
Jun Jia,356,200,33842,2,0
Vedant,916,312,33842,2,1
Jun Jia,356,200,33842,2,0
Vedant,916,312,33842,2,1
Jun Jia,356,200,33843,2,0
Vedant,916,312,33843,2,1
Jun Jia,356,200,33843,2,0
Vedant,916,312,33843,2,1
Jun Jia,356,200,33843,2,0
Vedant,916,312,33843,2,1
Jun Jia,356,200,33843,2,0
Vedant,916,312,33843,2,1
Jun Jia,356,200,33844,1,0
Jun Jia,356,200,33844,1,0
Jun Jia,356,200,33844,2,0
Vedant,916,312,33844,2,1
Jun Jia,356,200,33845,2,0
Vedant,916,312,33845,2,1
Jun Jia,372,216,33845,2,0
Vedant,916,312,33845,2,1
Jun Jia,372,216,33845,2,0
Vedant,916,312,33845,2,1
Jun Jia,372,216,33845,1,0
Jun Jia,372,216,33846,1,0
Jun Jia,356,200,33846,2,0
Vedant,916,296,33846,2,1
Jun Jia,356,200,33846,2,0
Vedant,916,296,33846,2,1
Jun Jia,356,216,33847,2,0
Vedant,916,296,33847,2,1
Jun Jia,356,216,33847,2,0
Vedant,916,296,33847,2,1
Jun Jia,340,216,33847,2,0
Vedant,916,296,33847,2,1
Jun Jia,340,216,33847,2,0
Vedant,916,296,33847,2,1
Jun Jia,340,216,33848,1,0
Jun Jia,340,216,33848,1,0
Jun Jia,340,216,33848,1,0
Jun Jia,340,216,33848,1,0
Jun Jia,340,216,33849,1,0
Jun Jia,340,216,33849,1,0
Jun Jia,356,200,33849,1,0
Jun Jia,356,200,33849,1,0
Jun Jia,356,200,33850,1,0
Jun Jia,356,200,33850,1,0
Jun Jia,356,200,33850,1,0
Jun Jia,356,200,33850,1,0
Jun Jia,356,200,33851,1,0
Jun Jia,356,200,33851,1,0
Jun Jia,356,200,33851,1,0
Jun Jia,356,200,33851,1,0
Jun Jia,356,216,33852,1,0
Jun Jia,356,216,33852,1,0
Jun Jia,356,216,33852,1,0
Jun Jia,356,216,33852,1,0
Jun Jia,340,216,33852,1,0
Jun Jia,340,216,33853,1,0
Jun Jia,340,216,33853,1,0
Jun Jia,340,216,33853,1,0
Jun Jia,340,216,33853,1,0
Jun Jia,340,216,33854,1,0
Jun Jia,340,232,33854,1,0
Jun Jia,340,232,33854,1,0
Jun Jia,340,232,33854,1,0
Jun Jia,340,232,33855,1,0
Jun Jia,324,216,33855,1,0
Jun Jia,324,216,33855,1,0
Jun Jia,308,216,33855,2,0
Vedant,900,312,33855,2,1
Jun Jia,308,216,33856,2,0
Vedant,900,312,33856,2,1
Jun Jia,292,216,33856,1,0
Jun Jia,292,216,33856,1,0
Jun Jia,308,216,33856,1,0
Jun Jia,308,216,33857,1,0
Jun Jia,324,232,33857,1,0
Jun Jia,324,232,33857,1,0
Jun Jia,340,232,33857,1,0
Jun Jia,340,232,33857,1,0
Jun Jia,340,232,33858,1,0
Jun Jia,340,232,33858,1,0
Jun Jia,340,232,33858,1,0
Jun Jia,340,232,33858,1,0
Jun Jia,340,232,33859,1,0
Jun Jia,340,232,33859,1,0
Jun Jia,340,232,33859,1,0
Jun Jia,340,232,33860,1,0
Jun Jia,340,232,33860,1,0
Jun Jia,340,232,33860,1,0
Jun Jia,340,232,33861,1,0
Jun Jia,340,232,33861,1,0
Jun Jia,340,232,33861,1,0
Jun Jia,340,232,33861,1,0
Jun Jia,340,232,33862,1,0
Jun Jia,340,232,33862,1,0
Jun Jia,340,232,33862,1,0
Jun Jia,340,232,33862,1,0
Jun Jia,340,232,33863,1,0
Jun Jia,340,232,33863,1,0
Jun Jia,340,232,33863,1,0
Jun Jia,340,232,33863,1,0
Jun Jia,340,232,33863,1,0
Jun Jia,340,232,33864,1,0
Jun Jia,340,232,33864,1,0
Jun Jia,340,232,33864,1,0
Jun Jia,340,232,33865,1,0
Jun Jia,340,232,33865,1,0
Jun Jia,340,232,33865,1,0
Jun Jia,340,232,33865,1,0
Jun Jia,356,216,33866,1,0
Jun Jia,356,216,33866,1,0
Jun Jia,372,200,33866,1,0
Jun Jia,372,200,33866,1,0
Jun Jia,372,200,33867,1,0
Jun Jia,372,200,33867,1,0
Jun Jia,356,200,33867,1,0
Jun Jia,356,200,33867,1,0
Jun Jia,356,200,33867,1,0
Jun Jia,356,200,33868,1,0
Jun Jia,372,216,33868,1,0
Jun Jia,372,216,33868,1,0
Jun Jia,372,200,33868,1,0
Jun Jia,372,200,33869,1,0
Jun Jia,388,216,33869,2,0
Vedant,996,248,33869,2,1
Jun Jia,388,216,33869,2,0
Vedant,996,248,33869,2,1
Jun Jia,340,216,33869,1,0
Jun Jia,340,216,33870,1,0
Jun Jia,340,200,33870,1,0
Jun Jia,340,200,33870,1,0
Jun Jia,324,232,33870,1,0
Jun Jia,324,232,33870,1,0
Jun Jia,340,216,33871,1,0
Jun Jia,340,216,33871,1,0
Jun Jia,324,216,33871,2,0
Vedant,964,232,33871,2,1
Jun Jia,324,216,33871,2,0
Vedant,964,232,33871,2,1
Jun Jia,404,216,33872,1,0
Jun Jia,404,216,33872,1,0
Jun Jia,388,200,33872,2,0
Vedant,980,248,33872,2,1
Jun Jia,388,200,33872,2,0
Vedant,980,248,33872,2,1
Jun Jia,404,184,33873,1,0
Jun Jia,404,184,33873,1,0
Jun Jia,404,184,33873,1,0
Jun Jia,404,184,33873,1,0
Jun Jia,420,184,33874,1,0
Jun Jia,420,184,33874,1,0
Jun Jia,420,184,33874,1,0
Jun Jia,420,184,33874,1,0
Jun Jia,436,184,33874,1,0
Jun Jia,436,184,33875,1,0
Jun Jia,420,184,33875,1,0
Jun Jia,420,184,33875,1,0
Jun Jia,420,184,33875,1,0
Jun Jia,420,184,33876,1,0
Jun Jia,420,184,33876,1,0
Jun Jia,420,184,33876,1,0
Jun Jia,420,184,33876,1,0
Jun Jia,420,184,33876,1,0
Jun Jia,404,184,33877,1,0
Jun Jia,404,184,33877,1,0
Jun Jia,404,184,33877,2,0
Vedant,820,280,33877,2,1
Jun Jia,404,184,33877,2,0
Vedant,820,280,33877,2,1
Jun Jia,372,200,33878,2,0
Vedant,772,248,33878,2,1
Jun Jia,372,200,33878,2,0
Vedant,772,248,33878,2,1
Jun Jia,372,200,33878,2,0
Vedant,736,28,33878,2,1
Jun Jia,372,200,33878,2,0
Vedant,736,28,33878,2,1
Jun Jia,372,200,33879,1,0
Jun Jia,372,200,33879,1,0
Jun Jia,372,168,33879,1,0
Jun Jia,372,168,33879,1,0
Jun Jia,420,184,33880,1,0
Jun Jia,420,184,33880,1,0
Jun Jia,452,184,33880,1,0
Jun Jia,452,184,33881,1,0
Jun Jia,420,200,33881,1,0
Jun Jia,420,200,33881,1,0
Jun Jia,436,200,33881,1,0
Jun Jia,436,200,33882,1,0
Jun Jia,436,200,33882,1,0
Jun Jia,436,200,33882,1,0
Jun Jia,420,200,33882,1,0
Jun Jia,420,200,33883,1,0
Jun Jia,436,184,33883,1,0
Jun Jia,436,184,33883,1,0
Jun Jia,420,184,33883,1,0
Jun Jia,420,184,33884,1,0
Jun Jia,420,184,33884,1,0
Jun Jia,420,184,33884,1,0
Jun Jia,420,184,33885,1,0
Jun Jia,420,184,33885,1,0
Jun Jia,388,184,33885,1,0
Jun Jia,388,184,33885,1,0
Jun Jia,388,184,33886,1,0
Jun Jia,388,184,33886,1,0
Jun Jia,388,184,33886,1,0
Jun Jia,388,184,33886,1,0
Jun Jia,404,184,33887,1,0
Jun Jia,404,184,33887,1,0
Jun Jia,404,184,33887,1,0
Jun Jia,404,184,33887,1,0
Jun Jia,404,184,33888,1,0
Jun Jia,404,184,33888,1,0
Jun Jia,404,184,33888,1,0
Jun Jia,404,184,33889,1,0
Jun Jia,404,184,33889,1,0
Jun Jia,404,184,33889,1,0
Jun Jia,404,184,33889,1,0
Jun Jia,404,184,33890,1,0
Jun Jia,420,184,33890,1,0
Jun Jia,420,184,33890,1,0
Jun Jia,388,184,33891,1,0
Jun Jia,388,184,33891,1,0
Jun Jia,468,216,33891,1,0
Jun Jia,468,216,33892,1,0
Jun Jia,484,184,33892,1,0
Jun Jia,484,184,33892,1,0
Jun Jia,468,168,33893,1,0
Jun Jia,468,168,33893,1,0
Jun Jia,452,184,33893,1,0
Jun Jia,452,184,33893,1,0
Jun Jia,468,184,33894,1,0
Jun Jia,468,184,33894,1,0
Jun Jia,468,168,33894,1,0
Jun Jia,468,168,33895,1,0
Jun Jia,436,168,33895,1,0
Jun Jia,436,168,33895,1,0
Jun Jia,404,184,33896,1,0
Jun Jia,404,184,33896,1,0
Jun Jia,404,184,33896,1,0
Jun Jia,404,184,33896,1,0
Jun Jia,420,248,33900,1,0
Jun Jia,420,248,33900,1,0
Jun Jia,452,200,33901,1,0
Jun Jia,452,200,33901,1,0
Jun Jia,452,184,33901,1,0
Jun Jia,452,184,33902,1,0
Jun Jia,452,168,33902,1,0
Jun Jia,452,168,33902,1,0
Jun Jia,452,184,33903,1,0
Jun Jia,452,184,33903,1,0
Jun Jia,452,184,33903,1,0
Jun Jia,452,184,33903,1,0
Jun Jia,452,184,33904,1,0
Jun Jia,452,184,33904,1,0
Jun Jia,436,184,33904,1,0
Jun Jia,436,184,33905,1,0
Jun Jia,436,184,33905,1,0
Jun Jia,436,184,33905,1,0
Jun Jia,448,144,33908,1,0
Jun Jia,448,144,33908,1,0
Jun Jia,404,200,33908,1,0
Jun Jia,404,200,33909,1,0
Jun Jia,404,200,33909,2,0
Vedant,1008,48,33909,2,1
Jun Jia,404,200,33909,2,0
Vedant,1008,48,33909,2,1
Jun Jia,388,200,33910,2,0
Vedant,948,232,33910,2,1
Jun Jia,388,200,33910,2,0
Vedant,948,232,33910,2,1
Jun Jia,388,200,33910,1,0
Jun Jia,388,200,33911,1,0
Jun Jia,420,184,33911,2,0
Vedant,932,232,33911,2,1
Jun Jia,420,184,33911,2,0
Vedant,932,232,33911,2,1
Vedant,932,264,33912,2,0
Jun Jia,412,164,33912,2,1
Vedant,932,264,33912,2,0
Jun Jia,412,164,33912,2,1
Jun Jia,412,164,33912,1,0
Jun Jia,412,164,33912,1,0
Jun Jia,432,164,33913,1,0
Jun Jia,432,164,33914,1,0
Jun Jia,436,168,33914,1,0
Jun Jia,436,168,33914,1,0
Jun Jia,436,168,33915,1,0
Jun Jia,436,168,33915,1,0
Jun Jia,436,168,33915,1,0
Jun Jia,436,168,33915,1,0
Jun Jia,436,168,33916,1,0
Jun Jia,436,168,33916,1,0
Jun Jia,436,168,33916,1,0
Jun Jia,436,168,33917,1,0
Jun Jia,436,168,33917,1,0
Jun Jia,436,168,33917,1,0
Jun Jia,436,168,33918,1,0
Jun Jia,436,168,33918,1,0
Jun Jia,436,168,33918,1,0
Jun Jia,436,168,33919,1,0
Jun Jia,436,168,33919,1,0
Jun Jia,436,168,33919,1,0
Jun Jia,436,168,33919,1,0
Jun Jia,436,168,33920,1,0
Jun Jia,436,168,33920,1,0
Jun Jia,436,168,33920,1,0
Jun Jia,436,168,33921,1,0
Jun Jia,436,168,33921,1,0
Jun Jia,420,168,33921,1,0
Jun Jia,420,168,33922,1,0
Jun Jia,420,184,33922,1,0
Jun Jia,420,184,33922,1,0
Jun Jia,420,184,33922,1,0
Jun Jia,420,184,33923,1,0
Jun Jia,420,168,33923,2,0
Vedant,948,200,33923,2,1
Jun Jia,420,168,33923,2,0
Vedant,948,200,33923,2,1
Jun Jia,412,164,33924,1,0
Jun Jia,412,164,33924,1,0
Jun Jia,404,184,33924,1,0
Jun Jia,404,184,33925,1,0
Jun Jia,404,184,33925,2,0
Vedant,932,200,33925,2,1
Jun Jia,404,184,33925,2,0
Vedant,932,200,33925,2,1
Jun Jia,420,184,33926,2,0
Vedant,932,200,33926,2,1
Jun Jia,420,184,33926,2,0
Vedant,932,200,33926,2,1
Jun Jia,420,184,33926,2,0
Vedant,932,200,33926,2,1
Jun Jia,420,184,33927,2,0
Vedant,932,200,33927,2,1
Jun Jia,420,184,33927,1,0
Jun Jia,420,184,33927,1,0
Jun Jia,420,184,33928,2,0
Vedant,948,216,33928,2,1
Jun Jia,420,184,33928,2,0
Vedant,948,216,33928,2,1
Jun Jia,420,184,33928,2,0
Vedant,948,232,33928,2,1
Jun Jia,420,184,33928,2,0
Vedant,948,232,33928,2,1
Jun Jia,420,184,33929,2,0
Vedant,948,232,33929,2,1
Jun Jia,420,184,33929,2,0
Vedant,948,232,33929,2,1
Jun Jia,420,200,33929,2,0
Vedant,948,240,33929,2,1
Jun Jia,420,200,33930,2,0
Vedant,948,240,33930,2,1
Jun Jia,436,200,33930,2,0
Vedant,964,248,33930,2,1
Jun Jia,436,200,33930,2,0
Vedant,964,248,33930,2,1
Jun Jia,548,200,33931,1,0
Jun Jia,548,200,33931,1,0
Jun Jia,564,200,33931,1,0
Jun Jia,564,200,33931,1,0
Jun Jia,532,200,33932,1,0
Jun Jia,532,200,33932,1,0
Jun Jia,500,184,33932,1,0
Jun Jia,500,184,33933,1,0
Jun Jia,500,184,33933,1,0
Jun Jia,500,184,33933,1,0
Jun Jia,484,184,33934,1,0
Jun Jia,484,184,33934,1,0
Jun Jia,468,184,33934,2,0
Unknown,836,264,33934,2,1
Jun Jia,468,184,33934,2,0
Unknown,836,264,33934,2,1
Jun Jia,452,184,33935,2,0
Vedant,932,264,33935,2,1
Jun Jia,452,184,33935,2,0
Vedant,932,264,33935,2,1
Jun Jia,468,184,33935,1,0
Jun Jia,468,184,33936,1,0
Jun Jia,468,184,33936,1,0
Jun Jia,468,184,33936,1,0
Jun Jia,388,184,33937,1,0
Jun Jia,388,184,33937,1,0
Jun Jia,372,200,33938,2,0
Vedant,948,264,33938,2,1
Jun Jia,372,200,33938,2,0
Vedant,948,264,33938,2,1
Jun Jia,340,200,33939,1,0
Jun Jia,340,200,33939,1,0
Jun Jia,388,184,33939,1,0
Jun Jia,388,184,33939,1,0
Jun Jia,388,184,33940,1,0
Jun Jia,388,184,33940,1,0
Jun Jia,388,184,33940,1,0
Jun Jia,388,184,33941,1,0
Jun Jia,388,200,33941,1,0
Jun Jia,388,200,33941,1,0
Jun Jia,388,200,33942,1,0
Jun Jia,388,200,33942,1,0
Jun Jia,388,184,33942,2,0
Vedant,948,264,33942,2,1
Jun Jia,388,184,33943,2,0
Vedant,948,264,33943,2,1
Jun Jia,404,184,33943,1,0
Jun Jia,404,184,33943,1,0
Jun Jia,532,200,33944,1,0
Jun Jia,532,200,33944,1,0
Jun Jia,580,200,33944,2,0
Vedant,916,280,33944,2,1
Jun Jia,580,200,33944,2,0
Vedant,916,280,33944,2,1
Jun Jia,516,184,33945,1,0
Jun Jia,516,184,33945,1,0
Jun Jia,452,184,33945,1,0
Jun Jia,452,184,33946,1,0
Jun Jia,404,184,33946,1,0
Jun Jia,404,184,33946,1,0
Jun Jia,388,184,33947,1,0
Jun Jia,388,184,33947,1,0
Jun Jia,388,184,33947,1,0
Jun Jia,388,184,33947,1,0
Jun Jia,388,184,33948,1,0
Jun Jia,388,184,33948,1,0
Jun Jia,420,200,33948,1,0
Jun Jia,420,200,33948,1,0
Jun Jia,484,200,33948,1,0
Jun Jia,484,200,33949,1,0
Jun Jia,500,200,33949,1,0
Jun Jia,500,200,33949,1,0
Jun Jia,484,200,33949,1,0
Jun Jia,484,200,33950,1,0
Jun Jia,452,200,33950,1,0
Jun Jia,452,200,33950,1,0
Jun Jia,412,184,33950,2,0
Vedant,928,280,33950,2,1
Jun Jia,412,184,33951,2,0
Vedant,928,280,33951,2,1
Jun Jia,452,200,33951,2,0
Vedant,928,280,33951,2,1
Jun Jia,452,200,33951,2,0
Vedant,928,280,33951,2,1
Jun Jia,548,200,33951,2,0
Vedant,928,280,33951,2,1
Jun Jia,548,200,33952,2,0
Vedant,928,280,33952,2,1
Jun Jia,612,216,33952,2,0
Vedant,932,280,33952,2,1
Jun Jia,612,216,33952,2,0
Vedant,932,280,33952,2,1
Jun Jia,612,216,33952,2,0
Vedant,900,280,33952,2,1
Jun Jia,612,216,33953,2,0
Vedant,900,280,33953,2,1
Jun Jia,532,200,33953,2,0
Vedant,932,248,33953,2,1
Jun Jia,532,200,33953,2,0
Vedant,932,248,33953,2,1
Vedant,916,232,33953,2,0
Jun Jia,436,200,33953,2,1
Vedant,916,232,33954,2,0
Jun Jia,436,200,33954,2,1
Vedant,900,232,33954,2,0
Jun Jia,404,200,33954,2,1
Vedant,900,232,33954,2,0
Jun Jia,404,200,33954,2,1
Vedant,900,232,33954,2,0
Jun Jia,452,200,33954,2,1
Vedant,900,232,33955,2,0
Jun Jia,452,200,33955,2,1
Jun Jia,452,200,33955,2,0
Vedant,900,232,33955,2,1
Jun Jia,452,200,33955,2,0
Vedant,900,232,33955,2,1
Jun Jia,452,200,33955,1,0
Jun Jia,452,200,33955,1,0
Jun Jia,436,200,33956,1,0
Jun Jia,436,200,33956,1,0
Jun Jia,420,200,33956,2,0
Vedant,996,232,33956,2,1
Jun Jia,420,200,33956,2,0
Vedant,996,232,33956,2,1
Jun Jia,388,200,33957,2,0
Vedant,1012,248,33957,2,1
Jun Jia,388,200,33957,2,0
Vedant,1012,248,33957,2,1
Jun Jia,420,216,33957,2,0
Vedant,1012,232,33957,2,1
Jun Jia,420,216,33957,2,0
Vedant,1012,232,33957,2,1
Jun Jia,436,200,33958,2,0
Vedant,1028,264,33958,2,1
Jun Jia,436,200,33958,2,0
Vedant,1028,264,33958,2,1
Jun Jia,388,216,33958,1,0
Jun Jia,388,216,33958,1,0
Jun Jia,420,216,33958,1,0
Jun Jia,420,216,33959,1,0
Jun Jia,420,200,33959,1,0
Jun Jia,420,200,33959,1,0
Jun Jia,436,216,33959,1,0
Jun Jia,436,216,33960,1,0
Jun Jia,468,200,33960,1,0
Jun Jia,468,200,33960,1,0
Jun Jia,484,200,33960,1,0
Jun Jia,484,200,33961,1,0
Jun Jia,484,216,33961,1,0
Jun Jia,484,216,33961,1,0
Jun Jia,500,216,33961,1,0
Jun Jia,500,216,33962,1,0
Jun Jia,516,232,33962,1,0
Jun Jia,516,232,33962,1,0
Jun Jia,532,216,33962,1,0
Jun Jia,532,216,33962,1,0
Jun Jia,528,200,33963,1,0
Jun Jia,528,200,33963,1,0
Jun Jia,564,200,33963,1,0
Jun Jia,564,200,33963,1,0
Jun Jia,564,200,33964,1,0
Jun Jia,564,200,33964,1,0
Jun Jia,564,216,33964,1,0
Jun Jia,564,216,33964,1,0
Jun Jia,532,216,33965,1,0
Jun Jia,532,216,33965,1,0
Jun Jia,516,216,33965,1,0
Jun Jia,516,216,33965,1,0
Jun Jia,516,216,33965,1,0
Jun Jia,516,216,33966,1,0
Jun Jia,516,216,33966,1,0
Jun Jia,516,216,33966,1,0
Jun Jia,516,232,33966,1,0
Jun Jia,516,232,33967,1,0
Jun Jia,516,248,33967,1,0
Jun Jia,516,248,33967,1,0
Jun Jia,516,264,33967,1,0
Jun Jia,516,264,33968,1,0
Jun Jia,516,264,33968,1,0
Jun Jia,516,264,33968,1,0
Jun Jia,516,248,33968,1,0
Jun Jia,516,248,33968,1,0
Jun Jia,516,248,33969,1,0
Jun Jia,516,248,33969,1,0
Jun Jia,548,232,33969,1,0
Jun Jia,548,232,33969,1,0
Jun Jia,548,216,33970,1,0
Jun Jia,548,216,33970,1,0
Jun Jia,532,216,33970,1,0
Jun Jia,532,216,33970,1,0
Jun Jia,516,216,33971,1,0
Jun Jia,516,216,33971,1,0
Jun Jia,532,216,33971,1,0
Jun Jia,532,216,33971,1,0
Jun Jia,532,216,33971,1,0
Jun Jia,532,216,33972,1,0
Jun Jia,532,216,33972,1,0
Jun Jia,532,216,33972,1,0
Jun Jia,516,216,33972,1,0
Jun Jia,516,216,33973,1,0
Jun Jia,516,232,33973,1,0
Jun Jia,516,232,33973,1,0
Jun Jia,516,232,33973,1,0
Jun Jia,516,232,33974,1,0
Jun Jia,516,232,33974,1,0
Jun Jia,516,232,33974,1,0
Jun Jia,516,232,33974,1,0
Jun Jia,516,232,33975,1,0
Jun Jia,516,216,33975,1,0
Jun Jia,516,216,33975,1,0
Jun Jia,532,216,33975,1,0
Jun Jia,532,216,33975,1,0
Jun Jia,532,216,33976,1,0
Jun Jia,532,216,33976,1,0
Jun Jia,532,216,33976,1,0
Jun Jia,532,216,33976,1,0
Jun Jia,532,216,33977,1,0
Jun Jia,532,216,33977,1,0
Jun Jia,532,216,33977,1,0
Jun Jia,532,216,33977,1,0
Jun Jia,532,216,33978,1,0
Jun Jia,532,216,33978,1,0
Jun Jia,532,216,33978,1,0
Jun Jia,532,216,33978,1,0
Jun Jia,532,216,33978,1,0
Jun Jia,532,216,33979,1,0
Jun Jia,532,216,33979,1,0
Jun Jia,532,216,33979,1,0
Jun Jia,532,200,33979,1,0
Jun Jia,532,200,33980,1,0
Jun Jia,468,232,33980,1,0
Jun Jia,468,232,33980,1,0
Vedant,468,200,33983,1,0
Vedant,468,200,33983,1,0
Vedant,532,232,33983,1,0
Vedant,532,232,33983,1,0
Vedant,528,240,33984,1,0
Vedant,528,240,33984,1,0
Vedant,496,268,33984,1,0
Vedant,496,268,33984,1,0
Vedant,528,260,33985,1,0
Vedant,528,260,33985,1,0
Vedant,508,260,33985,1,0
Vedant,508,260,33985,1,0
Vedant,508,260,33985,1,0
Vedant,508,260,33986,1,0
Vedant,516,268,33986,1,0
Vedant,516,268,33986,1,0
Vedant,528,280,33986,1,0
Vedant,528,280,33987,1,0
Vedant,528,260,33987,1,0
Vedant,528,260,33987,1,0
Vedant,508,280,33987,1,0
Vedant,508,280,33988,1,0
Vedant,508,280,33988,1,0
Vedant,508,280,33988,1,0
Vedant,488,280,33988,1,0
Vedant,488,280,33988,1,0
Vedant,488,260,33989,1,0
Vedant,488,260,33989,1,0
Vedant,488,280,33989,1,0
Vedant,488,280,33989,1,0
Vedant,488,280,33990,1,0
Vedant,488,280,33990,1,0
Vedant,488,280,33990,1,0
Vedant,488,280,33990,1,0
Vedant,488,280,33991,1,0
Vedant,488,280,33991,1,0
Vedant,488,280,33991,1,0
Vedant,488,280,33991,1,0
Vedant,508,280,33991,1,0
Vedant,508,280,33992,1,0
Vedant,488,280,33992,1,0
Vedant,488,280,33992,1,0
Vedant,488,280,33993,1,0
Vedant,488,280,33993,1,0
Vedant,508,280,33993,1,0
Vedant,508,280,33993,1,0
Vedant,508,280,33993,1,0
Vedant,508,280,33994,1,0
Vedant,508,280,33994,1,0
Vedant,508,280,33994,1,0
Vedant,508,280,33994,1,0
Vedant,508,280,33995,1,0
Vedant,508,280,33995,1,0
Vedant,508,280,33995,1,0
Vedant,508,280,33995,1,0
Vedant,508,280,33996,1,0
Vedant,508,280,33996,1,0
Vedant,508,280,33996,1,0
Vedant,488,280,33996,1,0
Vedant,488,280,33997,1,0
Vedant,488,280,33997,1,0
Vedant,488,280,33997,1,0
Vedant,488,280,33997,1,0
Vedant,488,280,33997,1,0
Vedant,488,280,33998,1,0
Vedant,488,280,33998,1,0
Vedant,508,280,33998,1,0
Vedant,508,280,33998,1,0
Vedant,508,280,33999,1,0
Vedant,508,280,33999,1,0
Vedant,508,280,33999,1,0
Vedant,508,280,33999,1,0
Vedant,508,280,34000,1,0
Vedant,508,280,34000,1,0
Vedant,508,280,34000,1,0
Vedant,508,280,34000,1,0
Vedant,488,280,34000,1,0
Vedant,488,280,34001,1,0
Vedant,508,280,34001,1,0
Vedant,508,280,34001,1,0
Vedant,508,280,34001,1,0
Vedant,508,280,34002,1,0
Vedant,528,280,34002,1,0
Vedant,528,280,34002,1,0
Vedant,528,280,34002,1,0
Vedant,528,280,34003,1,0
Vedant,528,280,34003,1,0
Vedant,528,280,34003,1,0
Vedant,528,260,34003,1,0
Vedant,528,260,34004,1,0
Vedant,528,260,34004,1,0
Vedant,528,260,34004,1,0
Vedant,508,280,34004,1,0
Vedant,508,280,34004,1,0
Vedant,508,280,34005,1,0
Vedant,508,280,34005,1,0
Vedant,508,280,34005,1,0
Vedant,508,280,34005,1,0
Vedant,508,280,34006,1,0
Vedant,508,280,34006,1,0
Vedant,508,280,34006,1,0
Vedant,508,280,34006,1,0
Vedant,508,280,34007,1,0
Vedant,508,280,34007,1,0
Vedant,508,280,34007,1,0
Vedant,508,280,34007,1,0
Vedant,508,280,34007,1,0
Vedant,508,280,34008,1,0
Vedant,508,280,34008,1,0
Vedant,508,280,34008,1,0
Vedant,508,280,34008,1,0
Vedant,508,280,34009,1,0
Vedant,508,280,34009,1,0
Vedant,508,280,34009,1,0
Vedant,508,280,34009,1,0
Vedant,508,280,34010,1,0
Vedant,528,280,34010,1,0
Vedant,528,280,34010,1,0
Vedant,564,240,34010,1,0
Vedant,564,240,34011,1,0
Vedant,564,200,34011,1,0
Vedant,564,200,34011,1,0
Vedant,564,200,34011,1,0
Vedant,564,200,34011,1,0
Vedant,528,240,34012,1,0
Vedant,528,240,34012,1,0
Vedant,496,244,34012,1,0
Vedant,496,244,34012,1,0
Vedant,448,244,34013,1,0
Vedant,448,244,34013,1,0
Vedant,528,280,34013,1,0
Vedant,528,280,34013,1,0
Vedant,528,280,34014,1,0
Vedant,528,280,34014,1,0
Vedant,496,268,34014,1,0
Vedant,496,268,34014,1,0
Vedant,496,268,34014,1,0
Vedant,496,268,34015,1,0
Vedant,496,268,34015,1,0
Vedant,496,268,34015,1,0
Vedant,496,268,34015,1,0
Vedant,496,268,34016,1,0
Vedant,496,268,34016,1,0
Vedant,496,268,34016,1,0
Vedant,496,268,34016,1,0
Vedant,496,268,34017,1,0
Vedant,528,280,34017,1,0
Vedant,528,280,34017,1,0
Vedant,528,260,34017,1,0
Vedant,528,260,34018,1,0
Vedant,516,268,34018,1,0
Vedant,516,268,34018,1,0
Vedant,496,268,34018,1,0
Vedant,496,268,34019,1,0
Vedant,496,268,34019,1,0
Vedant,496,268,34019,1,0
Vedant,508,260,34019,1,0
Vedant,508,260,34019,1,0
Vedant,472,268,34020,1,0
Vedant,472,268,34020,1,0
Vedant,496,268,34020,1,0
Vedant,496,268,34020,1,0
Vedant,588,220,34021,1,0
Vedant,588,220,34021,1,0
Vedant,632,196,34021,1,0
Vedant,632,196,34021,1,0
Vedant,660,184,34021,1,0
Vedant,660,184,34022,1,0
Vedant,640,200,34022,1,0
Vedant,640,200,34022,1,0
Vedant,632,196,34022,1,0
Vedant,632,196,34023,1,0
Vedant,640,220,34023,1,0
Vedant,640,220,34023,1,0
Vedant,640,220,34023,1,0
Vedant,640,220,34024,1,0
Vedant,640,220,34024,1,0
Vedant,640,220,34024,1,0
Vedant,640,220,34024,1,0
Vedant,640,220,34025,1,0
Vedant,640,220,34025,1,0
Vedant,640,220,34025,1,0
Vedant,640,220,34025,1,0
Vedant,640,220,34025,1,0
Vedant,640,220,34026,1,0
Vedant,640,220,34026,1,0
Vedant,624,220,34026,1,0
Vedant,624,220,34026,1,0
Vedant,624,220,34027,1,0
Vedant,624,220,34027,1,0
Vedant,624,220,34027,1,0
Vedant,624,220,34027,1,0
Vedant,604,220,34027,1,0
Vedant,604,220,34028,1,0
Vedant,604,220,34028,1,0
Vedant,604,220,34028,1,0
Vedant,584,220,34028,1,0
Vedant,584,220,34029,1,0
Vedant,584,220,34029,1,0
Vedant,584,220,34029,1,0
Vedant,584,240,34029,1,0
Vedant,584,240,34030,1,0
Vedant,584,240,34030,1,0
Vedant,584,240,34030,1,0
Vedant,564,220,34030,1,0
Vedant,564,220,34031,1,0
Vedant,564,220,34031,1,0
Vedant,564,220,34031,1,0
Vedant,584,220,34031,1,0
Vedant,584,220,34031,1,0
Vedant,584,220,34032,1,0
Vedant,584,220,34032,1,0
Vedant,584,220,34032,1,0
Vedant,584,220,34032,1,0
Vedant,588,196,34033,1,0
Vedant,588,196,34033,1,0
Vedant,588,196,34033,1,0
Vedant,588,196,34033,1,0
Vedant,604,220,34034,1,0
Vedant,604,220,34034,1,0
Vedant,604,220,34034,1,0
Vedant,604,220,34034,1,0
Vedant,588,220,34034,1,0
Vedant,588,220,34035,1,0
Vedant,588,220,34035,1,0
Vedant,588,220,34035,1,0
Vedant,588,220,34035,1,0
Vedant,588,220,34036,1,0
Vedant,588,220,34036,1,0
Vedant,588,220,34036,1,0
Vedant,588,220,34036,1,0
Vedant,588,220,34037,1,0
Vedant,604,220,34037,1,0
Vedant,604,220,34037,1,0
Vedant,584,220,34037,1,0
Vedant,584,220,34037,1,0
Vedant,584,220,34038,1,0
Vedant,584,220,34038,1,0
Vedant,584,220,34038,1,0
Vedant,584,220,34038,1,0
Vedant,564,220,34039,1,0
Vedant,564,220,34039,1,0
Vedant,564,220,34039,1,0
Vedant,564,220,34039,1,0
Vedant,564,220,34040,1,0
Vedant,564,220,34040,1,0
Vedant,540,220,34040,1,0
Vedant,540,220,34040,1,0
Vedant,540,220,34041,1,0
Vedant,540,220,34041,1,0
Vedant,540,220,34041,1,0
Vedant,540,220,34041,1,0
Vedant,540,220,34041,1,0
Vedant,540,220,34042,1,0
Vedant,540,220,34042,1,0
Vedant,540,220,34042,1,0
Vedant,544,240,34042,1,0
Vedant,544,240,34043,1,0
Vedant,544,240,34043,1,0
Vedant,544,240,34043,1,0
Vedant,544,240,34043,1,0
Vedant,544,240,34044,1,0
Vedant,544,240,34044,1,0
Vedant,544,240,34044,1,0
Vedant,544,240,34044,1,0
Vedant,544,240,34045,1,0
Vedant,528,240,34045,1,0
Vedant,528,240,34045,1,0
Vedant,544,240,34045,1,0
Vedant,544,240,34046,1,0
Vedant,544,220,34046,1,0
Vedant,544,220,34046,1,0
Vedant,544,220,34046,1,0
Vedant,544,220,34047,1,0
Vedant,540,220,34047,1,0
Vedant,540,220,34047,1,0
Vedant,564,220,34047,1,0
Vedant,564,220,34048,1,0
Vedant,564,220,34048,1,0
Vedant,564,220,34048,1,0
Vedant,588,220,34048,1,0
Vedant,588,220,34048,1,0
Vedant,588,220,34049,1,0
Vedant,588,220,34049,1,0
Vedant,584,220,34049,1,0
Vedant,584,220,34049,1,0
Vedant,604,200,34050,1,0
Vedant,604,200,34050,1,0
Vedant,604,200,34050,1,0
Vedant,604,200,34050,1,0
Vedant,624,200,34051,1,0
Vedant,624,200,34051,1,0
Vedant,624,200,34051,1,0
Vedant,624,200,34051,1,0
Vedant,624,220,34052,1,0
Vedant,624,220,34052,1,0
Vedant,624,144,34052,1,0
Vedant,624,144,34052,1,0
Vedant,640,124,34052,1,0
Vedant,640,124,34053,1,0
Vedant,624,144,34053,1,0
Vedant,624,144,34053,1,0
Vedant,624,164,34053,1,0
Vedant,624,164,34054,1,0
Vedant,612,216,34054,1,0
Vedant,612,216,34054,1,0
Vedant,612,264,34054,1,0
Vedant,612,264,34055,1,0
Vedant,612,264,34055,2,0
Unknown,20,0,34055,2,1
Vedant,612,264,34055,2,0
Unknown,20,0,34055,2,1
Vedant,612,264,34055,1,0
Vedant,612,264,34056,1,0
Vedant,612,280,34056,1,0
Vedant,612,280,34056,1,0
Vedant,596,280,34056,1,0
Vedant,596,280,34056,1,0
Vedant,580,280,34057,1,0
Vedant,580,280,34057,1,0
Vedant,580,280,34057,1,0
Vedant,580,280,34057,1,0
Vedant,580,280,34058,1,0
Vedant,580,280,34058,1,0
Vedant,580,280,34058,1,0
Vedant,580,280,34058,1,0
Vedant,564,280,34059,1,0
Vedant,564,280,34059,1,0
Vedant,580,280,34059,1,0
Vedant,580,280,34059,1,0
Vedant,580,280,34060,1,0
Vedant,580,280,34060,1,0
Vedant,580,280,34060,1,0
Vedant,580,280,34060,1,0
Vedant,580,280,34060,1,0
Vedant,580,280,34061,1,0
Vedant,580,280,34061,1,0
Vedant,580,280,34061,1,0
Vedant,580,264,34061,1,0
Vedant,580,264,34062,1,0
Vedant,564,248,34062,1,0
Vedant,564,248,34062,1,0
Vedant,580,232,34062,1,0
Vedant,580,232,34062,1,0
Vedant,564,232,34063,1,0
Vedant,564,232,34063,1,0
Vedant,564,216,34063,1,0
Vedant,564,216,34063,1,0
Vedant,564,200,34064,1,0
Vedant,564,200,34064,1,0
Vedant,548,200,34064,1,0
Vedant,548,200,34064,1,0
Vedant,528,184,34065,1,0
Vedant,528,184,34065,1,0
Vedant,532,200,34065,1,0
Vedant,532,200,34065,1,0
Vedant,528,200,34066,1,0
Vedant,528,200,34066,1,0
Vedant,528,200,34066,1,0
Vedant,528,200,34066,1,0
Vedant,548,200,34066,1,0
Vedant,548,200,34067,1,0
Vedant,544,184,34067,1,0
Vedant,544,184,34067,1,0
Vedant,544,184,34067,1,0
Vedant,544,184,34068,1,0
Vedant,564,200,34068,1,0
Vedant,564,200,34068,1,0
Vedant,564,200,34068,1,0
Vedant,564,200,34069,1,0
Vedant,564,200,34069,1,0
Vedant,564,200,34069,1,0
Vedant,564,200,34069,1,0
Vedant,564,200,34069,1,0
Vedant,564,200,34070,1,0
Vedant,564,200,34070,1,0
Vedant,564,200,34070,1,0
Vedant,564,200,34070,1,0
Vedant,564,200,34071,1,0
Vedant,564,200,34071,1,0
Vedant,544,200,34071,1,0
Vedant,544,200,34071,1,0
Vedant,544,200,34072,1,0
Vedant,544,200,34072,1,0
Vedant,528,200,34072,1,0
Vedant,528,200,34072,1,0
Vedant,528,200,34073,1,0
Vedant,528,200,34073,1,0
Vedant,528,200,34073,1,0
Vedant,528,200,34073,1,0
Vedant,532,200,34073,1,0
Vedant,532,200,34074,1,0
Vedant,528,200,34074,1,0
Vedant,528,200,34074,1,0
Vedant,528,200,34074,1,0
Vedant,528,200,34075,1,0
Vedant,528,200,34075,1,0
Vedant,528,200,34075,1,0
Vedant,544,200,34075,1,0
Vedant,544,200,34076,1,0
Vedant,564,200,34076,1,0
Vedant,564,200,34076,1,0
Vedant,564,200,34076,1,0
Vedant,564,200,34076,1,0
Vedant,584,200,34077,1,0
Vedant,584,200,34077,1,0
Vedant,584,200,34077,1,0
Vedant,584,200,34077,1,0
Vedant,584,200,34078,1,0
Vedant,584,200,34078,1,0
Vedant,584,200,34078,1,0
Vedant,584,200,34078,1,0
Vedant,584,200,34079,1,0
Vedant,584,200,34079,1,0
Vedant,564,196,34079,1,0
Vedant,564,196,34079,1,0
Vedant,564,200,34080,1,0
Vedant,564,200,34080,1,0
Vedant,564,200,34080,1,0
Vedant,564,200,34080,1,0
Vedant,544,200,34080,1,0
Vedant,544,200,34081,1,0
Vedant,544,200,34081,1,0
Vedant,544,200,34081,1,0
Vedant,544,200,34081,1,0
Vedant,544,200,34082,1,0
Vedant,544,200,34082,1,0
Vedant,544,200,34082,1,0
Vedant,564,200,34082,1,0
Vedant,564,200,34082,1,0
Vedant,584,200,34083,1,0
Vedant,584,200,34083,1,0
Vedant,604,184,34083,1,0
Vedant,604,184,34083,1,0
Vedant,584,200,34084,1,0
Vedant,584,200,34084,1,0
Vedant,544,200,34084,1,0
Vedant,544,200,34084,1,0
Vedant,564,200,34085,1,0
Vedant,564,200,34085,1,0
Vedant,544,200,34085,1,0
Vedant,544,200,34085,1,0
Vedant,564,200,34086,1,0
Vedant,564,200,34086,1,0
Vedant,584,220,34086,1,0
Vedant,584,220,34086,1,0
Vedant,584,200,34086,1,0
Vedant,584,200,34087,1,0
Vedant,548,200,34087,1,0
Vedant,548,200,34087,1,0
Vedant,528,220,34088,1,0
Vedant,528,220,34088,1,0
Vedant,544,240,34088,1,0
Vedant,544,240,34088,1,0
Vedant,564,240,34089,1,0
Vedant,564,240,34089,1,0
Vedant,544,220,34089,1,0
Vedant,544,220,34089,1,0
Vedant,544,220,34090,1,0
Vedant,544,220,34090,1,0
Vedant,540,220,34091,1,0
Vedant,540,220,34091,1,0
Vedant,564,220,34091,1,0
Vedant,564,220,34091,1,0
Vedant,564,220,34092,1,0
Vedant,564,220,34092,1,0
Vedant,564,240,34092,1,0
Vedant,564,240,34092,1,0
Vedant,564,240,34092,1,0
Vedant,564,240,34093,1,0
Vedant,564,240,34093,1,0
Vedant,564,240,34093,1,0
Vedant,564,240,34093,1,0
Vedant,564,240,34094,1,0
Vedant,564,240,34094,1,0
Vedant,564,240,34094,1,0
Vedant,564,240,34094,1,0
Vedant,564,240,34095,1,0
Vedant,564,240,34095,1,0
Vedant,564,240,34095,1,0
Vedant,564,240,34095,1,0
Vedant,564,240,34095,1,0
Vedant,564,240,34096,1,0
Vedant,564,240,34096,1,0
Vedant,564,240,34096,1,0
Vedant,564,240,34096,1,0
Vedant,564,240,34097,1,0
Vedant,564,240,34097,1,0
Vedant,584,240,34097,1,0
Vedant,584,240,34097,1,0
Vedant,564,240,34098,1,0
Vedant,564,240,34098,1,0
Vedant,564,240,34098,1,0
Vedant,564,240,34098,1,0
Vedant,564,240,34099,1,0
Vedant,564,240,34099,1,0
Vedant,544,240,34099,1,0
Vedant,544,240,34099,1,0
Vedant,564,240,34100,1,0
Vedant,564,240,34100,1,0
Vedant,564,240,34100,1,0
Vedant,564,240,34100,1,0
Vedant,564,240,34100,1,0
Vedant,564,240,34101,1,0
Vedant,564,240,34101,1,0
Vedant,564,240,34101,1,0
Vedant,564,220,34101,1,0
Vedant,564,220,34102,1,0
Vedant,544,200,34102,1,0
Vedant,544,200,34102,1,0
Vedant,548,200,34102,1,0
Vedant,548,200,34103,1,0
Vedant,564,184,34103,1,0
Vedant,564,184,34103,1,0
Vedant,604,164,34103,1,0
Vedant,604,164,34104,1,0
Vedant,584,144,34104,1,0
Vedant,584,144,34104,1,0
Vedant,564,164,34104,1,0
Vedant,564,164,34104,1,0
Vedant,564,200,34105,1,0
Vedant,564,200,34105,1,0
Vedant,564,200,34105,1,0
Vedant,564,200,34105,1,0
Vedant,564,200,34106,1,0
Vedant,564,200,34106,1,0
Vedant,584,220,34106,1,0
Vedant,584,220,34106,1,0
Vedant,604,220,34107,1,0
Vedant,604,220,34107,1,0
Vedant,604,220,34107,1,0
Vedant,604,220,34107,1,0
Vedant,584,220,34108,1,0
Vedant,584,220,34108,1,0
Vedant,584,200,34108,1,0
Vedant,584,200,34108,1,0
Vedant,564,200,34108,1,0
Vedant,564,200,34109,1,0
Vedant,564,200,34109,1,0
Vedant,564,200,34109,1,0
Vedant,544,200,34109,1,0
Vedant,544,200,34110,1,0
Vedant,548,216,34110,1,0
Vedant,548,216,34110,1,0
Vedant,528,200,34110,1,0
Vedant,528,200,34111,1,0
Vedant,528,220,34111,1,0
Vedant,528,220,34111,1,0
Vedant,508,220,34111,1,0
Vedant,508,220,34111,1,0
Vedant,508,220,34112,1,0
Vedant,508,220,34112,1,0
Vedant,488,220,34112,1,0
Vedant,488,220,34112,1,0
Vedant,488,220,34113,1,0
Vedant,488,220,34113,1,0
Vedant,488,220,34113,1,0
Vedant,488,220,34113,1,0
Vedant,508,220,34114,1,0
Vedant,508,220,34114,1,0
Vedant,508,220,34114,1,0
Vedant,508,220,34114,1,0
Vedant,508,220,34115,1,0
Vedant,508,220,34115,1,0
Vedant,528,220,34115,1,0
Vedant,528,220,34115,1,0
Vedant,544,220,34115,1,0
Vedant,544,220,34116,1,0
Vedant,564,220,34116,1,0
Vedant,564,220,34116,1,0
Vedant,564,220,34116,1,0
Vedant,564,220,34117,1,0
Vedant,564,220,34117,1,0
Vedant,564,220,34117,1,0
Vedant,564,220,34117,1,0
Vedant,564,220,34118,1,0
Vedant,564,220,34118,1,0
Vedant,564,220,34118,1,0
Vedant,544,220,34118,1,0
Vedant,544,220,34118,1,0
Vedant,544,220,34119,1,0
Vedant,544,220,34119,1,0
Vedant,564,220,34119,1,0
Vedant,564,220,34119,1,0
Vedant,564,220,34120,1,0
Vedant,564,220,34120,1,0
Vedant,564,220,34120,1,0
Vedant,564,220,34120,1,0
Vedant,584,220,34121,1,0
Vedant,584,220,34121,1,0
Vedant,584,220,34121,1,0
Vedant,584,220,34121,1,0
Vedant,584,220,34121,1,0
Vedant,584,220,34122,1,0
Vedant,564,196,34122,1,0
Vedant,564,196,34122,1,0
Vedant,564,220,34122,1,0
Vedant,564,220,34123,1,0
Vedant,544,200,34123,1,0
Vedant,544,200,34123,1,0
Vedant,544,200,34123,1,0
Vedant,544,200,34124,1,0
Vedant,544,220,34124,1,0
Vedant,544,220,34124,1,0
Vedant,544,220,34124,1,0
Vedant,544,220,34124,1,0
Vedant,544,220,34125,1,0
Vedant,544,220,34125,1,0
Vedant,544,220,34125,1,0
Vedant,544,220,34125,1,0
Vedant,544,220,34126,1,0
Vedant,544,220,34126,1,0
Vedant,564,220,34126,1,0
Vedant,564,220,34126,1,0
Vedant,544,200,34127,1,0
Vedant,544,200,34127,1,0
Vedant,544,220,34127,1,0
Vedant,544,220,34127,1,0
Vedant,544,220,34128,1,0
Vedant,544,220,34128,1,0
Vedant,544,220,34128,1,0
Vedant,544,220,34128,1,0
Vedant,544,220,34129,1,0
Vedant,544,220,34129,1,0
Vedant,528,220,34129,1,0
Vedant,528,220,34129,1,0
Vedant,516,264,34129,1,0
Vedant,516,264,34130,1,0
Vedant,532,264,34130,1,0
Vedant,532,264,34130,1,0
Vedant,548,248,34130,1,0
Vedant,548,248,34131,1,0
Vedant,544,240,34131,1,0
Vedant,544,240,34131,1,0
Vedant,564,248,34131,1,0
Vedant,564,248,34132,1,0
Vedant,544,240,34132,1,0
Vedant,544,240,34132,1,0
Vedant,548,248,34132,1,0
Vedant,548,248,34133,1,0
Vedant,532,264,34133,1,0
Vedant,532,264,34133,1,0
Vedant,532,264,34133,1,0
Vedant,532,264,34133,1,0
Vedant,516,248,34134,1,0
Vedant,516,248,34134,1,0
Vedant,532,264,34134,1,0
Vedant,532,264,34134,1,0
Vedant,532,248,34135,1,0
Vedant,532,248,34135,1,0
Vedant,516,248,34135,1,0
Vedant,516,248,34135,1,0
Vedant,532,264,34136,1,0
Vedant,532,264,34136,1,0
Vedant,532,248,34136,1,0
Vedant,532,248,34136,1,0
Vedant,516,248,34136,1,0
Vedant,516,248,34137,1,0
Vedant,516,248,34137,1,0
Vedant,516,248,34137,1,0
Vedant,516,248,34137,1,0
Vedant,516,248,34138,1,0
Vedant,516,248,34138,1,0
Vedant,516,248,34138,1,0
Vedant,516,248,34138,1,0
Vedant,516,248,34139,1,0
Vedant,516,248,34139,1,0
Vedant,516,248,34139,1,0
Vedant,516,248,34139,1,0
Vedant,516,248,34140,1,0
Vedant,532,248,34140,1,0
Vedant,532,248,34140,1,0
Vedant,532,248,34140,1,0
Vedant,532,248,34140,1,0
Vedant,532,248,34141,1,0
Vedant,532,248,34141,1,0
Vedant,532,248,34142,1,0
Vedant,532,248,34142,1,0
Vedant,516,248,34142,1,0
Vedant,516,248,34142,1,0
Vedant,532,248,34143,1,0
Vedant,532,248,34143,1,0
Vedant,532,248,34143,1,0
Vedant,532,248,34143,1,0
Vedant,532,248,34143,1,0
Vedant,532,248,34144,1,0
Vedant,532,248,34144,1,0
Vedant,532,248,34144,1,0
Vedant,516,248,34144,1,0
Vedant,516,248,34145,1,0
Vedant,516,248,34145,1,0
Vedant,516,248,34145,1,0
Vedant,516,248,34146,1,0
Vedant,516,248,34146,1,0
Vedant,516,248,34146,1,0
Vedant,516,248,34147,1,0
Vedant,516,248,34147,1,0
Vedant,516,248,34147,1,0
Vedant,532,248,34148,1,0
Vedant,532,248,34148,1,0
Vedant,532,248,34148,1,0
Vedant,532,248,34148,1,0
Vedant,532,248,34149,1,0
Vedant,532,248,34149,1,0
Vedant,532,248,34149,1,0
Vedant,532,248,34149,1,0
Vedant,532,248,34150,1,0
Vedant,532,248,34150,1,0
Vedant,532,248,34150,1,0
Vedant,532,248,34150,1,0
Vedant,532,248,34150,1,0
Vedant,532,248,34151,1,0
Vedant,532,248,34151,1,0
Vedant,532,248,34151,1,0
Vedant,516,280,34151,1,0
Vedant,516,280,34152,1,0
Vedant,516,264,34152,1,0
Vedant,516,264,34152,1,0
Vedant,532,280,34152,1,0
Vedant,532,280,34153,1,0
Vedant,548,264,34153,1,0
Vedant,548,264,34153,1,0
Vedant,548,264,34153,1,0
Vedant,548,264,34153,1,0
Vedant,548,264,34154,1,0
Vedant,548,264,34154,1,0
Vedant,548,264,34154,1,0
Vedant,548,264,34154,1,0
Vedant,548,264,34155,1,0
Vedant,548,264,34155,1,0
Vedant,548,264,34155,1,0
Vedant,548,264,34155,1,0
Vedant,532,264,34156,1,0
Vedant,532,264,34156,1,0
Vedant,532,264,34156,1,0
Vedant,532,264,34156,1,0
Vedant,532,264,34156,1,0
Vedant,532,264,34157,1,0
Vedant,532,248,34157,1,0
Vedant,532,248,34157,1,0
Vedant,532,264,34157,1,0
Vedant,532,264,34158,1,0
Vedant,548,264,34158,1,0
Vedant,548,264,34159,1,0
Vedant,532,264,34161,1,0
Vedant,532,264,34161,1,0
Vedant,532,248,34162,1,0
Vedant,532,248,34162,1,0
Vedant,532,248,34162,1,0
Vedant,532,248,34163,1,0
Vedant,532,248,34163,1,0
Vedant,532,248,34164,1,0
Vedant,532,264,34164,1,0
Vedant,532,264,34164,1,0
Vedant,532,248,34164,1,0
Vedant,532,248,34165,1,0
Vedant,532,248,34165,1,0
Vedant,532,248,34165,1,0
Vedant,548,264,34165,1,0
Vedant,548,264,34166,1,0
Vedant,548,264,34166,1,0
Vedant,548,264,34166,1,0
Vedant,548,264,34166,1,0
Vedant,548,264,34166,1,0
Vedant,548,264,34167,1,0
Vedant,548,264,34167,1,0
Vedant,548,248,34168,1,0
Vedant,548,248,34168,1,0
Vedant,548,264,34168,1,0
Vedant,548,264,34168,1,0
Vedant,548,248,34169,1,0
Vedant,548,248,34169,1,0
Vedant,548,248,34169,1,0
Vedant,548,248,34169,1,0
Vedant,548,248,34170,1,0
Vedant,548,248,34170,1,0
Vedant,548,248,34170,1,0
Vedant,548,248,34170,1,0
Vedant,548,248,34170,1,0
Vedant,548,248,34171,1,0
Vedant,548,248,34171,1,0
Vedant,548,248,34171,1,0
Vedant,548,248,34171,1,0
Vedant,548,248,34172,1,0
Vedant,548,248,34172,1,0
Vedant,548,248,34172,1,0
Vedant,548,248,34172,1,0
Vedant,548,248,34173,1,0
Vedant,548,248,34173,1,0
Vedant,548,248,34173,1,0
Vedant,548,248,34173,1,0
Vedant,548,248,34173,1,0
Vedant,548,248,34174,1,0
Vedant,548,248,34174,1,0
Vedant,548,264,34174,1,0
Vedant,548,264,34174,1,0
Vedant,548,248,34175,1,0
Vedant,548,248,34175,1,0
Vedant,548,264,34175,1,0
Vedant,548,264,34175,1,0
Vedant,564,264,34176,1,0
Vedant,564,264,34176,1,0
Vedant,544,260,34176,1,0
Vedant,544,260,34176,1,0
Vedant,548,264,34177,1,0
Vedant,548,264,34177,1,0
Vedant,564,264,34177,1,0
Vedant,564,264,34177,1,0
Vedant,580,248,34178,1,0
Vedant,580,248,34178,1,0
Vedant,624,240,34178,1,0
Vedant,624,240,34178,1,0
Vedant,680,240,34178,1,0
Vedant,680,240,34179,1,0
Vedant,700,240,34179,1,0
Vedant,700,240,34179,1,0
Vedant,720,240,34179,1,0
Vedant,720,240,34180,1,0
Vedant,720,240,34180,1,0
Vedant,720,240,34180,1,0
Vedant,700,220,34180,1,0
Vedant,700,220,34181,1,0
Vedant,660,220,34181,1,0
Vedant,660,220,34181,1,0
Vedant,660,220,34181,1,0
Vedant,660,220,34182,1,0
Vedant,700,220,34182,1,0
Vedant,700,220,34182,1,0
Vedant,700,220,34182,1,0
Vedant,700,220,34183,1,0
Vedant,640,220,34183,1,0
Vedant,640,220,34183,1,0
Vedant,564,200,34184,1,0
Vedant,564,200,34184,1,0
Vedant,624,220,34184,1,0
Vedant,624,220,34184,1,0
Vedant,680,220,34185,1,0
Vedant,680,220,34185,1,0
Vedant,680,220,34185,1,0
Vedant,680,220,34185,1,0
Vedant,680,220,34186,1,0
Vedant,680,220,34186,1,0
Vedant,680,220,34186,1,0
Vedant,680,220,34186,1,0
Vedant,700,220,34187,1,0
Vedant,700,220,34187,1,0
Vedant,700,220,34187,1,0
Vedant,700,220,34187,1,0
Vedant,700,220,34187,1,0
Vedant,700,220,34188,1,0
Vedant,700,220,34188,1,0
Vedant,700,220,34188,1,0
Vedant,596,232,34189,1,0
Vedant,596,232,34189,1,0
Vedant,516,264,34189,1,0
Vedant,516,264,34189,1,0
Vedant,500,248,34190,1,0
Vedant,500,248,34190,1,0
Vedant,500,232,34190,1,0
Vedant,500,232,34190,1,0
Vedant,516,248,34191,1,0
Vedant,516,248,34191,1,0
Vedant,516,248,34191,1,0
Vedant,516,248,34192,1,0
Vedant,532,248,34192,1,0
Vedant,532,248,34192,1,0
Vedant,516,248,34192,1,0
Vedant,516,248,34193,1,0
Vedant,516,264,34193,1,0
Vedant,516,264,34193,1,0
Vedant,516,248,34193,1,0
Vedant,516,248,34193,1,0
Vedant,516,248,34194,1,0
Vedant,516,248,34194,1,0
Vedant,516,248,34194,1,0
Vedant,516,248,34194,1,0
Vedant,516,248,34195,1,0
Vedant,516,248,34195,1,0
Vedant,532,248,34195,1,0
Vedant,532,248,34195,1,0
Vedant,532,264,34196,1,0
Vedant,532,264,34196,1,0
Vedant,516,248,34196,1,0
Vedant,516,248,34196,1,0
Vedant,516,264,34196,1,0
Vedant,516,264,34197,1,0
Vedant,500,264,34197,1,0
Vedant,500,264,34197,1,0
Vedant,500,264,34197,1,0
Vedant,500,264,34198,1,0
Vedant,516,248,34198,1,0
Vedant,516,248,34198,1,0
Vedant,516,216,34198,1,0
Vedant,516,216,34199,1,0
Vedant,532,152,34199,1,0
Vedant,532,152,34199,1,0
Vedant,472,176,34199,1,0
Vedant,472,176,34199,1,0
Vedant,488,296,34200,1,0
Vedant,488,296,34200,1,0
Vedant,472,312,34200,1,0
Vedant,472,312,34200,1,0
Vedant,472,288,34201,1,0
Vedant,472,288,34201,1,0
Vedant,472,288,34201,1,0
Vedant,472,288,34201,1,0
Vedant,472,268,34202,1,0
Vedant,472,268,34202,1,0
Vedant,488,280,34202,1,0
Vedant,488,280,34202,1,0
Vedant,472,288,34202,1,0
Vedant,472,288,34203,1,0
Vedant,496,268,34203,1,0
Vedant,496,268,34204,1,0
Vedant,472,288,34204,1,0
Vedant,472,288,34204,1,0
Vedant,472,288,34204,1,0
Vedant,472,288,34205,1,0
Vedant,472,288,34205,1,0
Vedant,472,288,34205,1,0
Vedant,468,280,34205,1,0
Vedant,468,280,34205,1,0
Vedant,472,268,34206,1,0
Vedant,472,268,34206,1,0
Vedant,468,280,34206,1,0
Vedant,468,280,34206,1,0
Vedant,472,268,34207,1,0
Vedant,472,268,34207,1,0
Vedant,472,268,34207,1,0
Vedant,472,268,34207,1,0
Vedant,468,280,34208,1,0
Vedant,468,280,34208,1,0
Vedant,468,280,34208,1,0
Vedant,468,280,34208,1,0
Vedant,468,280,34208,1,0
Vedant,468,280,34209,1,0
Vedant,468,280,34209,1,0
Vedant,468,280,34209,1,0
Vedant,488,280,34209,1,0
Vedant,488,280,34210,1,0
Vedant,488,280,34210,1,0
Vedant,488,280,34210,1,0
Vedant,488,280,34210,1,0
Vedant,488,280,34211,1,0
Vedant,488,280,34211,1,0
Vedant,488,280,34211,1,0
Vedant,488,280,34211,2,0
Unknown,1156,0,34211,2,1
Vedant,488,280,34211,2,0
Unknown,1156,0,34211,2,1
Vedant,488,280,34212,1,0
Vedant,488,280,34212,1,0
Vedant,488,280,34212,1,0
Vedant,488,280,34212,1,0
Vedant,488,280,34213,1,0
Vedant,488,280,34213,1,0
Vedant,488,280,34213,1,0
Vedant,488,280,34213,1,0
Vedant,488,280,34214,1,0
Vedant,488,280,34214,1,0
Vedant,488,280,34214,1,0
Vedant,488,280,34214,1,0
Vedant,488,280,34215,1,0
Vedant,488,280,34215,1,0
Vedant,488,280,34215,1,0
Vedant,488,280,34215,1,0
Vedant,488,280,34215,1,0
Vedant,488,280,34216,1,0
Vedant,488,280,34216,1,0
Vedant,488,280,34216,1,0
Vedant,488,280,34216,1,0
Vedant,488,280,34217,1,0
Vedant,488,280,34217,1,0
Vedant,488,280,34217,1,0
Vedant,472,288,34217,1,0
Vedant,472,288,34218,1,0
Vedant,472,288,34218,1,0
Vedant,472,288,34218,1,0
Vedant,472,288,34218,1,0
Vedant,472,288,34218,1,0
Vedant,472,288,34219,1,0
Vedant,472,288,34219,1,0
Vedant,472,288,34219,1,0
Vedant,472,288,34219,1,0
Vedant,472,288,34220,1,0
Vedant,472,288,34220,1,0
Vedant,488,280,34220,1,0
Vedant,488,280,34220,1,0
Vedant,488,280,34221,1,0
Vedant,488,280,34221,1,0
Vedant,488,280,34221,1,0
Vedant,488,280,34221,1,0
Vedant,488,280,34222,1,0
Vedant,488,280,34222,1,0
Vedant,488,280,34222,1,0
Vedant,488,280,34222,1,0
Vedant,488,280,34222,1,0
Vedant,488,280,34223,1,0
Vedant,488,280,34223,1,0
Vedant,488,280,34223,1,0
Vedant,488,280,34223,1,0
Vedant,488,280,34224,1,0
Vedant,488,280,34224,1,0
Vedant,488,280,34224,1,0
Vedant,488,280,34224,1,0
Vedant,488,280,34225,1,0
Vedant,488,280,34225,1,0
Vedant,488,280,34225,1,0
Vedant,472,244,34225,1,0
Vedant,472,244,34225,1,0
Vedant,496,244,34226,1,0
Vedant,496,244,34226,1,0
Vedant,484,212,34226,1,0
Vedant,484,212,34226,1,0
Vedant,516,244,34227,1,0
Vedant,516,244,34227,1,0
Vedant,528,240,34227,1,0
Vedant,528,240,34227,1,0
Vedant,516,176,34228,1,0
Vedant,516,176,34228,1,0
Vedant,588,196,34229,1,0
Vedant,588,196,34229,1,0
Vedant,564,196,34229,1,0
Vedant,564,196,34229,1,0
Vedant,564,196,34230,1,0
Vedant,564,196,34230,1,0
Vedant,564,196,34230,1,0
Vedant,564,196,34230,1,0
Vedant,540,196,34230,1,0
Vedant,540,196,34231,1,0
Vedant,564,220,34231,1,0
Vedant,564,220,34231,1,0
Vedant,564,220,34231,1,0
Vedant,564,220,34232,1,0
Vedant,564,196,34232,1,0
Vedant,564,196,34232,1,0
Vedant,564,220,34232,1,0
Vedant,564,220,34232,1,0
Vedant,564,220,34233,1,0
Vedant,564,220,34233,1,0
Vedant,564,220,34233,1,0
Vedant,564,220,34233,1,0
Vedant,564,196,34234,1,0
Vedant,564,196,34234,1,0
Vedant,528,240,34234,1,0
Vedant,528,240,34234,1,0
Vedant,496,220,34235,1,0
Vedant,496,220,34235,1,0
Vedant,508,220,34235,1,0
Vedant,508,220,34235,1,0
Vedant,508,220,34236,1,0
Vedant,508,220,34236,1,0
Vedant,528,220,34236,1,0
Vedant,528,220,34236,1,0
Vedant,540,196,34236,1,0
Vedant,540,196,34237,1,0
Vedant,540,196,34237,1,0
Vedant,540,196,34237,1,0
Vedant,540,196,34237,1,0
Vedant,540,196,34238,1,0
Vedant,564,196,34238,1,0
Vedant,564,196,34238,1,0
Vedant,564,196,34239,1,0
Vedant,564,196,34239,1,0
Vedant,564,196,34239,1,0
Vedant,564,196,34239,1,0
Vedant,540,196,34240,1,0
Vedant,540,196,34240,1,0
Vedant,564,220,34240,1,0
Vedant,564,220,34240,1,0
Vedant,564,196,34241,1,0
Vedant,564,196,34241,1,0
Vedant,564,196,34241,1,0
Vedant,564,196,34241,1,0
Vedant,564,196,34241,1,0
Vedant,564,196,34242,1,0
Vedant,564,220,34242,1,0
Vedant,564,220,34242,1,0
Vedant,564,220,34242,1,0
Vedant,564,220,34243,1,0
Vedant,564,220,34243,1,0
Vedant,564,220,34243,1,0
Vedant,564,196,34243,1,0
Vedant,564,196,34244,1,0
Vedant,564,220,34244,1,0
Vedant,564,220,34244,1,0
Vedant,564,196,34244,1,0
Vedant,564,196,34244,1,0
Vedant,564,196,34245,1,0
Vedant,564,196,34245,1,0
Vedant,564,196,34245,1,0
Vedant,564,196,34245,1,0
Vedant,564,196,34246,1,0
Vedant,564,196,34246,1,0
Vedant,564,196,34246,1,0
Vedant,564,196,34246,1,0
Vedant,564,196,34247,1,0
Vedant,564,196,34247,1,0
Vedant,564,196,34247,1,0
Vedant,564,196,34247,1,0
Vedant,564,196,34247,1,0
Vedant,564,196,34248,1,0
Vedant,564,196,34248,1,0
Vedant,564,196,34248,1,0
Vedant,588,196,34248,1,0
Vedant,588,196,34249,1,0
Vedant,588,196,34249,1,0
Vedant,588,196,34249,1,0
Vedant,588,196,34249,1,0
Vedant,588,196,34250,1,0
Vedant,588,196,34250,1,0
Vedant,588,196,34250,1,0
Vedant,588,196,34251,1,0
Vedant,588,196,34251,1,0
Vedant,588,196,34251,1,0
Vedant,588,196,34251,1,0
Vedant,588,196,34252,1,0
Vedant,588,196,34252,1,0
Vedant,588,196,34252,1,0
Vedant,588,196,34252,1,0
Vedant,588,196,34253,1,0
Vedant,588,196,34253,1,0
Vedant,564,196,34253,1,0
Vedant,564,196,34253,1,0
Vedant,588,196,34253,1,0
Vedant,588,196,34254,1,0
Vedant,588,196,34254,1,0
Vedant,588,196,34254,1,0
Vedant,588,196,34255,1,0
Vedant,588,196,34255,1,0
Vedant,588,196,34255,1,0
Vedant,588,196,34255,1,0
Vedant,588,196,34256,1,0
Vedant,588,196,34256,1,0
Vedant,588,196,34256,1,0
Vedant,588,196,34256,1,0
Vedant,604,220,34257,1,0
Vedant,604,220,34257,1,0
Vedant,604,220,34257,1,0
Vedant,604,220,34257,1,0
Vedant,588,220,34257,1,0
Vedant,588,220,34258,1,0
Vedant,588,244,34258,1,0
Vedant,588,244,34258,1,0
Vedant,632,220,34258,1,0
Vedant,632,220,34259,1,0
Vedant,624,184,34259,1,0
Vedant,624,184,34259,1,0
Vedant,652,184,34259,1,0
Vedant,652,184,34259,1,0
Vedant,680,184,34260,1,0
Vedant,680,184,34260,1,0
Vedant,724,196,34260,1,0
Vedant,724,196,34260,1,0
Vedant,700,196,34261,1,0
Vedant,700,196,34261,1,0
Vedant,680,196,34261,1,0
Vedant,680,196,34261,1,0
Vedant,632,196,34262,1,0
Vedant,632,196,34262,1,0
Vedant,632,196,34262,1,0
Vedant,632,196,34262,1,0
Vedant,608,176,34263,1,0
Vedant,608,176,34263,1,0
Vedant,608,176,34263,1,0
Vedant,608,176,34263,1,0
Vedant,564,176,34263,1,0
Vedant,564,176,34264,1,0
Vedant,564,176,34264,1,0
Vedant,564,176,34264,1,0
Vedant,564,176,34265,1,0
Vedant,564,176,34265,1,0
Vedant,564,176,34265,1,0
Vedant,564,176,34266,1,0
Vedant,564,176,34266,1,0
Vedant,564,176,34266,1,0
Vedant,564,176,34266,1,0
Vedant,564,176,34266,1,0
Vedant,540,156,34267,1,0
Vedant,540,156,34267,1,0
Vedant,564,176,34267,1,0
Vedant,564,176,34267,1,0
Vedant,540,156,34268,1,0
Vedant,540,156,34268,1,0
Vedant,540,156,34268,1,0
Vedant,540,156,34268,1,0
Vedant,540,156,34269,1,0
Vedant,540,156,34269,1,0
Vedant,564,176,34269,1,0
Vedant,564,176,34269,1,0
Vedant,540,152,34270,1,0
Vedant,540,152,34270,1,0
Vedant,540,100,34270,1,0
Vedant,540,100,34270,1,0
Vedant,588,152,34271,1,0
Vedant,588,152,34271,1,0
Vedant,588,152,34271,1,0
Vedant,588,152,34271,1,0
Vedant,588,176,34271,1,0
Vedant,588,176,34272,1,0
Vedant,588,152,34272,1,0
Vedant,588,152,34272,1,0
Vedant,588,176,34272,1,0
Vedant,588,176,34273,1,0
Vedant,588,176,34273,1,0
Vedant,588,176,34273,1,0
Vedant,588,152,34273,1,0
Vedant,588,152,34273,1,0
Vedant,564,152,34274,1,0
Vedant,564,152,34274,1,0
Vedant,540,152,34274,1,0
Vedant,540,152,34274,1,0
Vedant,496,176,34275,1,0
Vedant,496,176,34275,1,0
Vedant,516,176,34275,1,0
Vedant,516,176,34275,1,0
Vedant,588,176,34276,1,0
Vedant,588,176,34276,1,0
Vedant,608,152,34276,1,0
Vedant,608,152,34276,1,0
Vedant,588,176,34277,1,0
Vedant,588,176,34277,1,0
Vedant,568,156,34277,1,0
Vedant,568,156,34277,1,0
Vedant,564,176,34277,1,0
Vedant,564,176,34278,1,0
Vedant,564,152,34278,1,0
Vedant,564,152,34278,1,0
Vedant,540,176,34279,1,0
Vedant,540,176,34279,1,0
Vedant,540,176,34279,1,0
Vedant,540,176,34280,1,0
Vedant,540,152,34280,1,0
Vedant,540,152,34280,1,0
Vedant,540,156,34280,1,0
Vedant,540,156,34281,1,0
Vedant,540,156,34281,1,0
Vedant,540,156,34281,1,0
Vedant,540,156,34281,1,0
Vedant,540,156,34282,1,0
Vedant,564,176,34282,1,0
Vedant,564,176,34282,1,0
Vedant,588,176,34282,1,0
Vedant,588,176,34282,1,0
Vedant,608,176,34283,1,0
Vedant,608,176,34283,1,0
Vedant,608,176,34283,1,0
Vedant,608,176,34283,1,0
Vedant,608,176,34284,1,0
Vedant,608,176,34284,1,0
Vedant,588,176,34284,1,0
Vedant,588,176,34285,1,0
Vedant,564,176,34285,1,0
Vedant,564,176,34285,1,0
Vedant,564,152,34286,1,0
Vedant,564,152,34286,1,0
Vedant,540,156,34286,1,0
Vedant,540,156,34286,1,0
Vedant,540,156,34286,1,0
Vedant,540,156,34287,1,0
Vedant,540,156,34287,1,0
Vedant,540,156,34287,1,0
Vedant,540,128,34288,1,0
Vedant,540,128,34288,1,0
Vedant,564,152,34289,1,0
Vedant,564,152,34289,1,0
Vedant,564,152,34289,1,0
Vedant,564,152,34290,1,0
Vedant,564,152,34290,1,0
Vedant,564,152,34290,1,0
Vedant,564,152,34290,1,0
Vedant,564,152,34291,1,0
Vedant,564,152,34291,1,0
Vedant,564,152,34291,1,0
Vedant,564,152,34291,1,0
Vedant,564,152,34291,1,0
Vedant,564,152,34292,1,0
Vedant,564,152,34292,1,0
Vedant,564,152,34292,1,0
Vedant,564,152,34292,1,0
Vedant,564,152,34293,1,0
Vedant,564,152,34293,1,0
Vedant,564,152,34293,1,0
Vedant,564,152,34293,1,0
Vedant,564,152,34294,1,0
Vedant,564,152,34294,1,0
Vedant,564,152,34294,1,0
Vedant,564,152,34294,1,0
Vedant,540,128,34294,1,0
Vedant,540,128,34295,1,0
Vedant,540,128,34295,1,0
Vedant,540,128,34295,1,0
Vedant,540,128,34295,1,0
Vedant,540,128,34296,1,0
Vedant,564,152,34296,1,0
Vedant,564,152,34296,1,0
Vedant,540,128,34296,1,0
Vedant,540,128,34297,1,0
Vedant,564,152,34297,1,0
Vedant,564,152,34297,1,0
Vedant,540,128,34297,1,0
Vedant,540,128,34298,1,0
Vedant,564,152,34298,1,0
Vedant,564,152,34298,1,0
Vedant,568,128,34298,1,0
Vedant,568,128,34299,1,0
Vedant,588,152,34299,1,0
Vedant,588,152,34299,1,0
Vedant,564,152,34305,1,0
Vedant,564,152,34305,1,0
Vedant,540,128,34306,1,0
Vedant,540,128,34307,1,0
Vedant,540,128,34307,1,0
Vedant,540,128,34307,1,0
Vedant,540,128,34308,1,0
Vedant,540,128,34308,1,0
Vedant,540,128,34308,1,0
Vedant,540,128,34308,1,0
Vedant,564,152,34309,1,0
Vedant,564,152,34309,1,0
Vedant,568,128,34309,1,0
Vedant,568,128,34310,1,0
Vedant,596,128,34310,1,0
Vedant,596,128,34310,1,0
Vedant,608,152,34311,1,0
Vedant,608,152,34311,1,0
Vedant,608,152,34311,1,0
Vedant,608,152,34312,1,0
Vedant,588,152,34312,1,0
Vedant,588,152,34312,1,0
Vedant,568,128,34312,1,0
Vedant,568,128,34313,1,0
Vedant,540,128,34313,1,0
Vedant,540,128,34313,1,0
Vedant,540,152,34314,1,0
Vedant,540,152,34314,1,0
Vedant,540,152,34314,1,0
Vedant,540,152,34315,1,0
Vedant,568,128,34315,1,0
Vedant,568,128,34315,1,0
Vedant,568,156,34315,1,0
Vedant,568,156,34316,1,0
Vedant,568,156,34316,1,0
Vedant,568,156,34316,1,0
Vedant,568,156,34317,1,0
Vedant,568,156,34317,1,0
Vedant,568,156,34317,1,0
Vedant,568,156,34318,1,0
Vedant,568,156,34318,1,0
Vedant,568,156,34318,1,0
Vedant,568,156,34319,1,0
Vedant,568,156,34319,1,0
Vedant,596,156,34319,1,0
Vedant,596,156,34319,1,0
Vedant,608,176,34320,1,0
Vedant,608,176,34320,1,0
Vedant,596,156,34320,1,0
Vedant,596,156,34321,1,0
Vedant,588,176,34321,1,0
Vedant,588,176,34321,1,0
Vedant,588,152,34322,1,0
Vedant,588,152,34322,1,0
Vedant,588,152,34322,1,0
Vedant,588,152,34322,1,0
Vedant,568,128,34323,1,0
Vedant,568,128,34323,1,0
Vedant,588,152,34323,1,0
Vedant,588,152,34324,1,0
Vedant,588,152,34324,1,0
Vedant,588,152,34324,1,0
Vedant,568,156,34325,1,0
Vedant,568,156,34325,1,0
Vedant,588,152,34325,1,0
Vedant,588,152,34325,1,0
Vedant,568,156,34326,1,0
Vedant,568,156,34326,1,0
Vedant,564,152,34326,1,0
Vedant,564,152,34327,1,0
Vedant,544,164,34327,1,0
Vedant,544,164,34327,1,0
Vedant,540,152,34328,1,0
Vedant,540,152,34328,1,0
Vedant,564,152,34328,1,0
Vedant,564,152,34329,1,0
Vedant,564,152,34329,1,0
Vedant,564,152,34329,1,0
Vedant,608,152,34330,1,0
Vedant,608,152,34330,1,0
Vedant,632,176,34330,1,0
Vedant,632,176,34330,1,0
Vedant,632,176,34331,1,0
Vedant,632,176,34331,1,0
Vedant,608,176,34331,1,0
Vedant,608,176,34332,1,0
Vedant,588,152,34332,1,0
Vedant,588,152,34332,1,0
Vedant,564,152,34333,1,0
Vedant,564,152,34333,1,0
Vedant,568,128,34333,1,0
Vedant,568,128,34334,1,0
Vedant,588,176,34334,1,0
Vedant,588,176,34334,1,0
Vedant,564,176,34334,1,0
Vedant,564,176,34335,1,0
Vedant,588,176,34335,1,0
Vedant,588,176,34335,1,0
Vedant,588,176,34335,1,0
Vedant,588,176,34336,1,0
Vedant,588,176,34336,1,0
Vedant,588,176,34336,1,0
Vedant,564,176,34337,1,0
Vedant,564,176,34337,1,0
Vedant,564,152,34337,1,0
Vedant,564,152,34337,1,0
Vedant,564,176,34338,1,0
Vedant,564,176,34338,1,0
Vedant,564,176,34338,1,0
Vedant,564,176,34338,1,0
Vedant,564,152,34339,1,0
Vedant,564,152,34339,1,0
Vedant,564,176,34339,1,0
Vedant,564,176,34339,1,0
Vedant,564,176,34340,1,0
Vedant,564,176,34340,1,0
Vedant,588,176,34340,1,0
Vedant,588,176,34340,1,0
Vedant,588,176,34341,1,0
Vedant,588,176,34341,1,0
Vedant,588,176,34341,1,0
Vedant,588,176,34341,1,0
Vedant,608,176,34341,1,0
Vedant,608,176,34342,1,0
Vedant,608,176,34342,1,0
Vedant,608,176,34342,1,0
Vedant,608,176,34342,1,0
Vedant,608,176,34343,1,0
Vedant,608,176,34343,1,0
Vedant,608,176,34343,1,0
Vedant,588,176,34343,1,0
Vedant,588,176,34343,1,0
Vedant,588,176,34344,1,0
Vedant,588,176,34344,1,0
Vedant,588,176,34344,1,0
Vedant,588,176,34344,1,0
Vedant,588,176,34345,1,0
Vedant,588,176,34345,1,0
Vedant,588,176,34345,1,0
Vedant,588,176,34345,1,0
Vedant,588,176,34346,1,0
Vedant,588,176,34346,1,0
Vedant,588,176,34346,1,0
Vedant,588,176,34346,1,0
Vedant,588,176,34347,1,0
Vedant,588,176,34347,1,0
Vedant,568,156,34347,1,0
Vedant,568,156,34347,1,0
Vedant,564,176,34347,1,0
Vedant,564,176,34348,1,0
Vedant,564,176,34348,1,0
Vedant,564,176,34348,1,0
Vedant,588,176,34348,1,0
Vedant,588,176,34349,1,0
Vedant,588,176,34349,1,0
Vedant,588,176,34349,1,0
Vedant,588,176,34349,1,0
Vedant,588,176,34349,1,0
Vedant,588,176,34350,1,0
Vedant,588,176,34350,1,0
Vedant,588,176,34350,1,0
Vedant,588,176,34350,1,0
Vedant,588,176,34351,1,0
Vedant,588,176,34351,1,0
Vedant,588,176,34351,1,0
Vedant,588,176,34351,1,0
Vedant,588,176,34352,1,0
Vedant,588,176,34352,1,0
Vedant,588,176,34352,1,0
Vedant,588,176,34352,1,0
Vedant,588,176,34353,1,0
Vedant,588,176,34353,1,0
Vedant,588,176,34353,1,0
Vedant,588,176,34353,1,0
Vedant,588,176,34353,1,0
Vedant,588,176,34354,1,0
Vedant,588,176,34354,1,0
Vedant,588,176,34354,1,0
Vedant,588,176,34354,1,0
Vedant,588,176,34355,1,0
Vedant,588,176,34355,1,0
Vedant,588,176,34355,1,0
Vedant,588,152,34355,1,0
Vedant,588,152,34356,1,0
Vedant,588,176,34356,1,0
Vedant,588,176,34356,1,0
Vedant,588,176,34356,1,0
Vedant,588,176,34356,1,0
Vedant,588,176,34357,1,0
Vedant,588,176,34357,1,0
Vedant,588,176,34357,1,0
Vedant,588,176,34357,1,0
Vedant,588,176,34358,1,0
Vedant,588,176,34358,1,0
Vedant,588,176,34358,1,0
Vedant,588,176,34358,1,0
Vedant,588,176,34359,1,0
Vedant,588,176,34359,1,0
Vedant,588,176,34359,1,0
Vedant,588,176,34359,1,0
Vedant,596,156,34360,1,0
Vedant,596,156,34360,1,0
Vedant,608,196,34360,1,0
Vedant,608,196,34361,1,0
Vedant,608,196,34361,1,0
Vedant,608,196,34361,1,0
Vedant,608,196,34361,1,0
Vedant,608,196,34362,1,0
Vedant,608,196,34362,1,0
Vedant,608,196,34362,1,0
Vedant,596,156,34362,1,0
Vedant,596,156,34363,1,0
Vedant,588,196,34363,1,0
Vedant,588,196,34363,1,0
Vedant,588,176,34363,1,0
Vedant,588,176,34364,1,0
Vedant,588,176,34364,1,0
Vedant,588,176,34364,1,0
Vedant,588,176,34364,1,0
Vedant,588,176,34365,1,0
Vedant,588,176,34365,1,0
Vedant,588,176,34365,1,0
Vedant,588,176,34365,1,0
Vedant,588,176,34365,1,0
Vedant,588,176,34366,1,0
Vedant,588,176,34366,1,0
Vedant,588,176,34366,1,0
Vedant,588,176,34366,1,0
Vedant,588,176,34367,1,0
Vedant,588,176,34367,1,0
Vedant,588,176,34367,1,0
Vedant,588,176,34367,1,0
Vedant,588,176,34368,1,0
Vedant,588,176,34368,1,0
Vedant,588,176,34368,1,0
Vedant,588,176,34368,1,0
Vedant,588,176,34368,1,0
Vedant,588,176,34369,1,0
Vedant,588,176,34369,1,0
Vedant,588,176,34369,1,0
Vedant,608,176,34369,1,0
Vedant,608,176,34370,1,0
Unknown,608,176,34370,1,0
Unknown,608,176,34370,1,0
Vedant,588,176,34370,1,0
Vedant,588,176,34371,1,0
Vedant,588,176,34371,1,0
Vedant,588,176,34371,1,0
Vedant,588,176,34371,1,0
Vedant,588,176,34371,1,0
Vedant,588,176,34372,1,0
Vedant,588,176,34372,1,0
Vedant,588,176,34372,1,0
Vedant,588,176,34372,1,0
Vedant,588,176,34373,1,0
Vedant,588,176,34373,1,0
Vedant,608,176,34373,1,0
Vedant,608,176,34373,1,0
Vedant,588,176,34374,1,0
Vedant,588,176,34374,1,0
Vedant,588,196,34374,1,0
Vedant,588,196,34374,1,0
Vedant,588,196,34375,1,0
Vedant,588,196,34375,1,0
Vedant,588,176,34375,1,0
Vedant,588,176,34375,1,0
Vedant,588,176,34375,1,0
Vedant,588,176,34376,1,0
Vedant,588,176,34376,1,0
Vedant,588,176,34376,1,0
Vedant,588,176,34376,1,0
Vedant,588,176,34377,1,0
Vedant,608,176,34377,1,0
Vedant,608,176,34377,1,0
Vedant,632,176,34379,1,0
Vedant,632,176,34379,1,0
Vedant,632,176,34380,1,0
Vedant,632,176,34380,1,0
Vedant,608,176,34380,1,0
Vedant,608,176,34380,1,0
Vedant,608,176,34381,1,0
Vedant,608,176,34381,1,0
Vedant,608,176,34381,1,0
Vedant,608,176,34381,1,0
